Date,Time,.SS,InverterMotorCurrent,InverterMotorPower,InverterMotorTorque,InverterMotorTemp,Drive_SpeedSensorShaftToBasket
3/9/2026,16:16:50:.050,0.05,0,0,-3,25,0
3/9/2026,16:16:50:.173,0.173,0,0,-3,25,0
3/9/2026,16:16:50:.290,0.29,0,0,-3,25,0
3/9/2026,16:16:50:.408,0.408,0,0,-3,25,0
3/9/2026,16:16:50:.569,0.569,0,0,-3,25,0
3/9/2026,16:16:50:.736,0.736,0,0,-3,25,0
3/9/2026,16:16:50:.872,0.872,0,0,-3,25,0
3/9/2026,16:16:51:.029,0.029,0,0,0,25,0
3/9/2026,16:16:51:.187,0.187,0,0,-1,25,0
3/9/2026,16:16:51:.306,0.306,0,0,-5,25,0
3/9/2026,16:16:51:.468,0.468,0,0,-4,25,0
3/9/2026,16:16:51:.631,0.631,0,0,-3,25,0
3/9/2026,16:16:51:.747,0.747,0,0,6,25,0
3/9/2026,16:16:51:.862,0.862,0,0,3,25,0
3/9/2026,16:16:51:.973,0.973,0,0,6,25,0
3/9/2026,16:16:52:.086,0.086,0,0,6,25,0
3/9/2026,16:16:52:.197,0.197,0,0,7,25,0
3/9/2026,16:16:52:.312,0.312,0,0,7,25,0
3/9/2026,16:16:52:.425,0.425,0,0,-1,25,0
3/9/2026,16:16:52:.559,0.559,0,0,-1,25,0
3/9/2026,16:16:52:.673,0.673,0,0,-2,25,0
3/9/2026,16:16:52:.883,0.883,0,0,-1,25,0
3/9/2026,16:16:53:.002,0.002,0,0,1,25,0
3/9/2026,16:16:53:.121,0.121,0,0,1,25,0
3/9/2026,16:16:53:.244,0.244,0,0,0,25,0
3/9/2026,16:16:53:.366,0.366,0,0,0,25,0
3/9/2026,16:16:53:.488,0.488,0,0,0,25,0
3/9/2026,16:16:53:.606,0.606,0,0,0,25,0
3/9/2026,16:16:53:.723,0.723,0,0,-1,25,0
3/9/2026,16:16:53:.843,0.843,0,0,11,25,0
3/9/2026,16:16:53:.967,0.967,0,0,3,25,0
3/9/2026,16:16:54:.190,0.19,0,0,-4,25,0
3/9/2026,16:16:54:.304,0.304,0,0,-1,25,0
3/9/2026,16:16:54:.418,0.418,0,0,-6,25,0
3/9/2026,16:16:54:.535,0.535,0,0,-6,25,0
3/9/2026,16:16:54:.653,0.653,0,0,-3,25,0
3/9/2026,16:16:54:.773,0.773,0,0,2,25,0
3/9/2026,16:16:54:.892,0.892,0,0,2,25,0
3/9/2026,16:16:55:.052,0.052,0,0,6,25,0
3/9/2026,16:16:55:.272,0.272,0,0,3,25,0
3/9/2026,16:16:55:.387,0.387,0,0,-13,25,0
3/9/2026,16:16:55:.519,0.519,0,0,-13,25,0
3/9/2026,16:16:55:.639,0.639,0,0,-6,25,0
3/9/2026,16:16:55:.761,0.761,0,0,1,25,0
3/9/2026,16:16:55:.882,0.882,0,0,-4,25,0
3/9/2026,16:16:56:.004,0.004,0,0,-1,25,0
3/9/2026,16:16:56:.129,0.129,0,0,5,25,0
3/9/2026,16:16:56:.256,0.256,0,0,-1,25,0
3/9/2026,16:16:56:.380,0.38,0,0,-1,25,0
3/9/2026,16:16:56:.505,0.505,0,0,-1,25,0
3/9/2026,16:16:56:.619,0.619,681,0,941,25,0
3/9/2026,16:16:56:.733,0.733,681,158,941,28,0
3/9/2026,16:16:56:.850,0.85,942,158,2169,28,0
3/9/2026,16:16:56:.980,0.98,942,160,2169,28,1
3/9/2026,16:16:57:.095,0.095,913,160,2113,28,1
3/9/2026,16:16:57:.263,0.263,838,128,2006,28,3
3/9/2026,16:16:57:.426,0.426,838,133,2006,28,5
3/9/2026,16:16:57:.540,0.54,808,136,1943,28,7
3/9/2026,16:16:57:.655,0.655,784,141,1797,28,8
3/9/2026,16:16:57:.771,0.771,782,135,1772,28,10
3/9/2026,16:16:57:.893,0.893,718,138,1697,28,11
3/9/2026,16:16:58:.005,0.005,718,124,1697,28,14
3/9/2026,16:16:58:.120,0.12,645,124,1495,28,14
3/9/2026,16:16:58:.254,0.254,645,116,1495,28,17
3/9/2026,16:16:58:.369,0.369,582,110,1382,28,20
3/9/2026,16:16:58:.541,0.541,543,110,1296,28,20
3/9/2026,16:16:58:.655,0.655,543,113,1296,28,23
3/9/2026,16:16:58:.783,0.783,521,113,1268,28,23
3/9/2026,16:16:58:.905,0.905,521,103,1268,28,27
3/9/2026,16:16:59:.077,0.077,498,102,1185,28,30
3/9/2026,16:16:59:.191,0.191,498,102,1185,28,30
3/9/2026,16:16:59:.307,0.307,498,106,1185,28,33
3/9/2026,16:16:59:.420,0.42,499,106,1144,28,33
3/9/2026,16:16:59:.546,0.546,499,95,1144,28,37
3/9/2026,16:16:59:.660,0.66,363,95,886,28,37
3/9/2026,16:16:59:.854,0.854,285,72,706,28,40
3/9/2026,16:16:59:.978,0.978,285,55,706,28,42
3/9/2026,16:17:00:.109,0.109,259,57,605,28,44
3/9/2026,16:17:00:.230,0.23,259,57,605,28,44
3/9/2026,16:17:00:.348,0.348,281,62,656,28,46
3/9/2026,16:17:00:.458,0.458,332,62,744,28,46
3/9/2026,16:17:00:.593,0.593,332,80,744,28,48
3/9/2026,16:17:00:.722,0.722,377,94,869,28,49
3/9/2026,16:17:00:.849,0.849,414,94,963,28,49
3/9/2026,16:17:00:.967,0.967,431,111,1014,28,51
3/9/2026,16:17:01:.087,0.087,476,114,1127,28,51
3/9/2026,16:17:01:.209,0.209,476,127,1127,28,53
3/9/2026,16:17:01:.333,0.333,513,127,1196,28,53
3/9/2026,16:17:01:.464,0.464,529,145,1251,28,55
3/9/2026,16:17:01:.578,0.578,529,154,1251,28,58
3/9/2026,16:17:01:.696,0.696,581,158,1337,28,58
3/9/2026,16:17:01:.861,0.861,573,165,1333,28,61
3/9/2026,16:17:01:.978,0.978,596,178,1391,28,63
3/9/2026,16:17:02:.095,0.095,589,178,1376,28,64
3/9/2026,16:17:02:.235,0.235,593,177,1367,28,66
3/9/2026,16:17:02:.403,0.403,563,177,1343,28,69
3/9/2026,16:17:02:.522,0.522,577,177,1345,28,69
3/9/2026,16:17:02:.674,0.674,577,184,1345,28,73
3/9/2026,16:17:02:.786,0.786,587,195,1369,28,75
3/9/2026,16:17:02:.900,0.9,594,196,1366,28,76
3/9/2026,16:17:03:.025,0.025,583,190,1356,28,79
3/9/2026,16:17:03:.138,0.138,554,189,1300,28,79
3/9/2026,16:17:03:.253,0.253,554,189,1300,28,79
3/9/2026,16:17:03:.369,0.369,554,189,1300,28,79
3/9/2026,16:17:03:.489,0.489,554,194,1300,28,85
3/9/2026,16:17:03:.613,0.613,558,194,1325,28,85
3/9/2026,16:17:03:.737,0.737,558,201,1325,28,88
3/9/2026,16:17:03:.850,0.85,537,198,1281,28,92
3/9/2026,16:17:03:.967,0.967,545,199,1262,28,93
3/9/2026,16:17:04:.084,0.084,545,199,1262,28,93
3/9/2026,16:17:04:.200,0.2,558,207,1301,28,96
3/9/2026,16:17:04:.330,0.33,558,210,1301,28,99
3/9/2026,16:17:04:.449,0.449,534,210,1267,28,99
3/9/2026,16:17:04:.630,0.63,549,212,1297,28,101
3/9/2026,16:17:04:.746,0.746,553,222,1299,28,105
3/9/2026,16:17:04:.868,0.868,550,220,1311,28,107
3/9/2026,16:17:04:.983,0.983,545,220,1279,28,107
3/9/2026,16:17:05:.117,0.117,557,220,1300,28,107
3/9/2026,16:17:05:.260,0.26,559,232,1304,28,111
3/9/2026,16:17:05:.382,0.382,559,231,1304,28,114
3/9/2026,16:17:05:.495,0.495,559,231,1304,28,114
3/9/2026,16:17:05:.609,0.609,559,244,1304,28,117
3/9/2026,16:17:05:.740,0.74,568,244,1343,28,117
3/9/2026,16:17:05:.857,0.857,568,248,1343,28,120
3/9/2026,16:17:05:.973,0.973,561,250,1296,28,124
3/9/2026,16:17:06:.089,0.089,579,250,1345,28,124
3/9/2026,16:17:06:.241,0.241,579,259,1345,28,127
3/9/2026,16:17:06:.383,0.383,559,257,1309,28,129
3/9/2026,16:17:06:.518,0.518,532,257,1241,28,129
3/9/2026,16:17:06:.631,0.631,532,210,1241,28,133
3/9/2026,16:17:06:.750,0.75,434,210,1059,28,133
3/9/2026,16:17:06:.983,0.983,434,174,1059,28,135
3/9/2026,16:17:07:.124,0.124,252,174,604,28,135
3/9/2026,16:17:07:.236,0.236,252,94,604,28,140
3/9/2026,16:17:07:.357,0.357,184,94,445,28,140
3/9/2026,16:17:07:.473,0.473,184,59,445,28,142
3/9/2026,16:17:07:.660,0.66,132,59,314,28,142
3/9/2026,16:17:07:.799,0.799,85,40,209,28,143
3/9/2026,16:17:07:.916,0.916,85,40,209,28,143
3/9/2026,16:17:08:.075,0.075,61,21,152,28,143
3/9/2026,16:17:08:.226,0.226,60,21,132,28,143
3/9/2026,16:17:08:.345,0.345,51,19,130,28,143
3/9/2026,16:17:08:.463,0.463,51,24,130,28,143
3/9/2026,16:17:08:.586,0.586,51,23,130,28,143
3/9/2026,16:17:08:.702,0.702,71,23,164,28,143
3/9/2026,16:17:08:.828,0.828,79,29,181,28,142
3/9/2026,16:17:08:.940,0.94,79,35,181,28,141
3/9/2026,16:17:09:.054,0.054,79,38,181,28,141
3/9/2026,16:17:09:.168,0.168,79,43,181,28,141
3/9/2026,16:17:09:.358,0.358,127,47,285,28,141
3/9/2026,16:17:09:.530,0.53,163,60,382,28,140
3/9/2026,16:17:09:.717,0.717,171,68,392,28,140
3/9/2026,16:17:09:.830,0.83,173,76,401,28,139
3/9/2026,16:17:09:.948,0.948,173,76,401,28,139
3/9/2026,16:17:10:.062,0.062,173,76,401,28,139
3/9/2026,16:17:10:.193,0.193,200,76,473,28,139
3/9/2026,16:17:10:.318,0.318,218,88,501,28,139
3/9/2026,16:17:10:.515,0.515,218,90,501,28,139
3/9/2026,16:17:10:.703,0.703,210,90,493,28,139
3/9/2026,16:17:10:.822,0.822,227,90,521,28,139
3/9/2026,16:17:10:.985,0.985,200,90,465,28,139
3/9/2026,16:17:11:.101,0.101,200,83,465,28,139
3/9/2026,16:17:11:.217,0.217,211,83,485,28,139
3/9/2026,16:17:11:.334,0.334,211,86,485,28,139
3/9/2026,16:17:11:.450,0.45,192,86,444,28,139
3/9/2026,16:17:11:.612,0.612,192,81,444,28,139
3/9/2026,16:17:11:.730,0.73,198,78,446,28,140
3/9/2026,16:17:11:.843,0.843,181,78,411,28,140
3/9/2026,16:17:11:.974,0.974,181,77,411,28,140
3/9/2026,16:17:12:.166,0.166,187,76,440,28,140
3/9/2026,16:17:12:.306,0.306,167,76,392,28,140
3/9/2026,16:17:12:.419,0.419,179,70,417,28,140
3/9/2026,16:17:12:.553,0.553,182,74,423,28,140
3/9/2026,16:17:12:.673,0.673,165,70,401,28,140
3/9/2026,16:17:12:.802,0.802,165,70,401,28,140
3/9/2026,16:17:12:.933,0.933,178,70,408,28,140
3/9/2026,16:17:13:.079,0.079,167,72,399,28,140
3/9/2026,16:17:13:.204,0.204,166,70,375,28,140
3/9/2026,16:17:13:.324,0.324,184,70,402,28,140
3/9/2026,16:17:13:.442,0.442,184,72,402,28,140
3/9/2026,16:17:13:.560,0.56,169,72,392,28,140
3/9/2026,16:17:13:.681,0.681,169,69,392,28,140
3/9/2026,16:17:13:.798,0.798,178,69,417,28,140
3/9/2026,16:17:13:.920,0.92,169,74,413,28,140
3/9/2026,16:17:14:.034,0.034,169,70,413,28,140
3/9/2026,16:17:14:.148,0.148,185,73,420,28,140
3/9/2026,16:17:14:.307,0.307,185,77,421,28,140
3/9/2026,16:17:14:.422,0.422,176,75,414,28,140
3/9/2026,16:17:14:.583,0.583,176,74,414,28,140
3/9/2026,16:17:14:.707,0.707,184,78,437,28,140
3/9/2026,16:17:14:.825,0.825,176,78,417,28,140
3/9/2026,16:17:14:.957,0.957,181,72,422,28,140
3/9/2026,16:17:15:.099,0.099,181,75,422,28,140
3/9/2026,16:17:15:.260,0.26,174,75,423,28,140
3/9/2026,16:17:15:.418,0.418,185,73,427,28,140
3/9/2026,16:17:15:.634,0.634,185,76,427,28,140
3/9/2026,16:17:15:.750,0.75,178,73,421,28,140
3/9/2026,16:17:15:.864,0.864,182,73,421,28,140
3/9/2026,16:17:15:.981,0.981,182,78,421,28,140
3/9/2026,16:17:16:.098,0.098,181,78,431,28,140
3/9/2026,16:17:16:.256,0.256,181,73,431,28,140
3/9/2026,16:17:16:.373,0.373,181,77,437,28,140
3/9/2026,16:17:16:.488,0.488,175,77,423,28,140
3/9/2026,16:17:16:.644,0.644,175,73,423,28,140
3/9/2026,16:17:16:.862,0.862,181,76,422,28,140
3/9/2026,16:17:16:.975,0.975,170,70,408,28,140
3/9/2026,16:17:17:.175,0.175,185,71,423,28,140
3/9/2026,16:17:17:.361,0.361,174,76,405,28,140
3/9/2026,16:17:17:.508,0.508,175,68,401,28,140
3/9/2026,16:17:17:.654,0.654,180,76,416,28,140
3/9/2026,16:17:17:.790,0.79,185,71,443,28,140
3/9/2026,16:17:17:.910,0.91,178,69,429,28,140
3/9/2026,16:17:18:.037,0.037,178,77,429,28,140
3/9/2026,16:17:18:.189,0.189,183,77,412,28,140
3/9/2026,16:17:18:.336,0.336,173,71,418,28,140
3/9/2026,16:17:18:.465,0.465,177,76,421,28,140
3/9/2026,16:17:18:.595,0.595,186,76,439,28,140
3/9/2026,16:17:18:.731,0.731,175,75,417,28,140
3/9/2026,16:17:18:.849,0.849,188,76,429,28,140
3/9/2026,16:17:18:.969,0.969,188,77,429,28,140
3/9/2026,16:17:19:.092,0.092,188,74,429,28,140
3/9/2026,16:17:19:.207,0.207,172,74,410,28,140
3/9/2026,16:17:19:.335,0.335,186,78,430,28,140
3/9/2026,16:17:19:.452,0.452,186,73,430,28,140
3/9/2026,16:17:19:.637,0.637,175,72,404,28,140
3/9/2026,16:17:19:.756,0.756,186,76,433,28,140
3/9/2026,16:17:19:.874,0.874,186,74,433,28,140
3/9/2026,16:17:20:.002,0.002,171,74,409,28,140
3/9/2026,16:17:20:.117,0.117,171,76,409,28,140
3/9/2026,16:17:20:.232,0.232,188,76,426,28,140
3/9/2026,16:17:20:.351,0.351,174,76,402,28,140
3/9/2026,16:17:20:.477,0.477,168,76,405,28,140
3/9/2026,16:17:20:.591,0.591,168,74,405,28,140
3/9/2026,16:17:20:.760,0.76,184,75,431,28,140
3/9/2026,16:17:20:.883,0.883,173,75,422,28,140
3/9/2026,16:17:20:.996,0.996,173,75,422,28,140
3/9/2026,16:17:21:.115,0.115,186,75,446,28,140
3/9/2026,16:17:21:.227,0.227,174,75,429,28,140
3/9/2026,16:17:21:.342,0.342,174,73,429,28,140
3/9/2026,16:17:21:.462,0.462,186,73,428,28,140
3/9/2026,16:17:21:.578,0.578,186,76,428,28,140
3/9/2026,16:17:21:.694,0.694,168,76,412,28,140
3/9/2026,16:17:21:.812,0.812,168,70,412,28,140
3/9/2026,16:17:21:.966,0.966,182,70,422,28,140
3/9/2026,16:17:22:.083,0.083,171,74,403,28,140
3/9/2026,16:17:22:.201,0.201,171,73,403,28,140
3/9/2026,16:17:22:.320,0.32,178,73,419,28,140
3/9/2026,16:17:22:.438,0.438,178,73,419,28,140
3/9/2026,16:17:22:.557,0.557,166,73,386,28,140
3/9/2026,16:17:22:.694,0.694,166,69,386,28,140
3/9/2026,16:17:22:.809,0.809,185,74,420,28,140
3/9/2026,16:17:22:.961,0.961,171,74,399,28,140
3/9/2026,16:17:23:.151,0.151,171,70,399,28,140
3/9/2026,16:17:23:.264,0.264,183,76,426,28,140
3/9/2026,16:17:23:.378,0.378,183,76,426,28,140
3/9/2026,16:17:23:.491,0.491,183,76,426,28,140
3/9/2026,16:17:23:.650,0.65,182,76,445,28,140
3/9/2026,16:17:23:.766,0.766,178,75,420,28,140
3/9/2026,16:17:23:.883,0.883,178,71,420,28,140
3/9/2026,16:17:23:.999,0.999,181,71,409,28,140
3/9/2026,16:17:24:.166,0.166,181,76,409,28,140
3/9/2026,16:17:24:.280,0.28,180,70,422,28,140
3/9/2026,16:17:24:.393,0.393,181,70,438,28,140
3/9/2026,16:17:24:.524,0.524,181,77,438,28,140
3/9/2026,16:17:24:.680,0.68,174,77,419,28,140
3/9/2026,16:17:24:.862,0.862,180,71,418,28,140
3/9/2026,16:17:24:.980,0.98,186,78,435,28,140
3/9/2026,16:17:25:.100,0.1,174,72,419,28,140
3/9/2026,16:17:25:.215,0.215,176,73,424,28,140
3/9/2026,16:17:25:.368,0.368,176,78,424,28,140
3/9/2026,16:17:25:.486,0.486,176,71,424,28,140
3/9/2026,16:17:25:.600,0.6,177,70,414,28,140
3/9/2026,16:17:25:.764,0.764,183,77,430,28,140
3/9/2026,16:17:25:.922,0.922,182,75,430,28,140
3/9/2026,16:17:26:.044,0.044,176,71,412,28,140
3/9/2026,16:17:26:.160,0.16,176,77,412,28,140
3/9/2026,16:17:26:.274,0.274,184,77,431,28,140
3/9/2026,16:17:26:.419,0.419,184,71,431,28,140
3/9/2026,16:17:26:.539,0.539,173,77,424,28,140
3/9/2026,16:17:26:.660,0.66,180,77,435,28,140
3/9/2026,16:17:26:.819,0.819,180,72,435,28,140
3/9/2026,16:17:26:.935,0.935,175,76,416,28,140
3/9/2026,16:17:27:.055,0.055,185,76,436,28,140
3/9/2026,16:17:27:.167,0.167,184,73,424,28,140
3/9/2026,16:17:27:.366,0.366,174,73,414,28,140
3/9/2026,16:17:27:.483,0.483,190,77,420,28,140
3/9/2026,16:17:27:.598,0.598,190,74,420,28,140
3/9/2026,16:17:27:.739,0.739,176,74,398,28,140
3/9/2026,16:17:27:.881,0.881,188,73,432,28,140
3/9/2026,16:17:28:.104,0.104,188,76,432,28,140
3/9/2026,16:17:28:.263,0.263,188,76,432,28,140
3/9/2026,16:17:28:.381,0.381,189,78,434,28,140
3/9/2026,16:17:28:.499,0.499,176,78,402,28,140
3/9/2026,16:17:28:.617,0.617,176,72,402,28,140
3/9/2026,16:17:28:.734,0.734,184,72,421,28,140
3/9/2026,16:17:28:.850,0.85,184,77,421,28,140
3/9/2026,16:17:28:.967,0.967,174,77,403,28,140
3/9/2026,16:17:29:.160,0.16,174,71,403,28,140
3/9/2026,16:17:29:.281,0.281,183,75,426,28,140
3/9/2026,16:17:29:.395,0.395,183,75,426,28,140
3/9/2026,16:17:29:.529,0.529,183,73,426,28,140
3/9/2026,16:17:29:.685,0.685,187,74,433,28,140
3/9/2026,16:17:29:.869,0.869,170,74,403,28,140
3/9/2026,16:17:29:.984,0.984,185,74,411,28,140
3/9/2026,16:17:30:.145,0.145,185,75,411,28,140
3/9/2026,16:17:30:.308,0.308,171,70,395,28,140
3/9/2026,16:17:30:.476,0.476,182,70,425,28,140
3/9/2026,16:17:30:.601,0.601,179,76,418,28,140
3/9/2026,16:17:30:.784,0.784,179,70,418,28,140
3/9/2026,16:17:30:.975,0.975,177,75,420,28,140
3/9/2026,16:17:31:.215,0.215,179,71,426,28,140
3/9/2026,16:17:31:.334,0.334,178,75,418,28,140
3/9/2026,16:17:31:.454,0.454,181,71,417,28,140
3/9/2026,16:17:31:.568,0.568,171,71,396,28,140
3/9/2026,16:17:31:.682,0.682,170,71,414,28,140
3/9/2026,16:17:31:.849,0.849,170,75,414,28,140
3/9/2026,16:17:31:.964,0.964,178,69,419,28,140
3/9/2026,16:17:32:.088,0.088,172,69,403,28,140
3/9/2026,16:17:32:.199,0.199,172,75,403,28,140
3/9/2026,16:17:32:.328,0.328,183,70,418,28,140
3/9/2026,16:17:32:.509,0.509,174,70,398,28,140
3/9/2026,16:17:32:.703,0.703,177,74,409,28,140
3/9/2026,16:17:32:.837,0.837,180,69,420,28,140
3/9/2026,16:17:32:.956,0.956,177,75,413,28,140
3/9/2026,16:17:33:.110,0.11,178,75,419,28,140
3/9/2026,16:17:33:.230,0.23,178,70,419,28,140
3/9/2026,16:17:33:.349,0.349,173,70,426,28,140
3/9/2026,16:17:33:.506,0.506,173,74,426,28,140
3/9/2026,16:17:33:.678,0.678,181,68,428,28,140
3/9/2026,16:17:33:.836,0.836,171,72,412,28,140
3/9/2026,16:17:33:.952,0.952,179,74,406,28,140
3/9/2026,16:17:34:.101,0.101,179,69,406,28,140
3/9/2026,16:17:34:.237,0.237,179,74,406,28,140
3/9/2026,16:17:34:.403,0.403,183,74,415,28,140
3/9/2026,16:17:34:.516,0.516,168,70,394,28,140
3/9/2026,16:17:34:.639,0.639,168,71,394,28,140
3/9/2026,16:17:34:.752,0.752,180,75,430,28,140
3/9/2026,16:17:34:.892,0.892,180,75,430,28,140
3/9/2026,16:17:35:.012,0.012,180,75,430,28,140
3/9/2026,16:17:35:.134,0.134,181,70,417,28,140
3/9/2026,16:17:35:.303,0.303,180,75,413,28,140
3/9/2026,16:17:35:.465,0.465,171,71,401,28,140
3/9/2026,16:17:35:.580,0.58,182,70,422,28,140
3/9/2026,16:17:35:.707,0.707,182,73,422,28,140
3/9/2026,16:17:35:.824,0.824,175,73,401,28,140
3/9/2026,16:17:35:.942,0.942,184,71,435,28,140
3/9/2026,16:17:36:.087,0.087,184,78,435,28,140
3/9/2026,16:17:36:.203,0.203,174,76,410,28,140
3/9/2026,16:17:36:.320,0.32,174,74,410,28,140
3/9/2026,16:17:36:.433,0.433,189,74,435,28,140
3/9/2026,16:17:36:.569,0.569,189,76,435,28,140
3/9/2026,16:17:36:.681,0.681,173,72,414,28,140
3/9/2026,16:17:36:.799,0.799,188,72,435,28,140
3/9/2026,16:17:36:.963,0.963,185,77,434,28,140
3/9/2026,16:17:37:.075,0.075,174,77,419,28,140
3/9/2026,16:17:37:.191,0.191,174,75,419,28,140
3/9/2026,16:17:37:.325,0.325,185,75,432,28,140
3/9/2026,16:17:37:.440,0.44,173,74,408,28,140
3/9/2026,16:17:37:.594,0.594,173,72,408,28,140
3/9/2026,16:17:37:.762,0.762,182,72,427,28,140
3/9/2026,16:17:38:.019,0.019,182,76,427,28,140
3/9/2026,16:17:38:.185,0.185,181,72,441,28,140
3/9/2026,16:17:38:.297,0.297,181,74,441,28,140
3/9/2026,16:17:38:.429,0.429,175,74,399,28,140
3/9/2026,16:17:38:.548,0.548,181,75,428,28,140
3/9/2026,16:17:38:.661,0.661,181,75,428,28,140
3/9/2026,16:17:38:.776,0.776,170,75,397,28,140
3/9/2026,16:17:38:.891,0.891,170,71,397,28,140
3/9/2026,16:17:39:.026,0.026,184,71,425,28,140
3/9/2026,16:17:39:.196,0.196,184,74,425,28,140
3/9/2026,16:17:39:.311,0.311,168,71,411,28,140
3/9/2026,16:17:39:.474,0.474,181,71,431,28,140
3/9/2026,16:17:39:.594,0.594,172,73,410,28,140
3/9/2026,16:17:39:.709,0.709,170,69,414,28,140
3/9/2026,16:17:39:.826,0.826,173,71,420,28,140
3/9/2026,16:17:39:.939,0.939,173,75,420,28,140
3/9/2026,16:17:40:.098,0.098,168,75,391,28,140
3/9/2026,16:17:40:.229,0.229,175,69,411,28,140
3/9/2026,16:17:40:.391,0.391,175,75,411,28,140
3/9/2026,16:17:40:.592,0.592,180,70,422,28,140
3/9/2026,16:17:40:.706,0.706,179,77,413,28,140
3/9/2026,16:17:40:.821,0.821,176,77,415,28,140
3/9/2026,16:17:40:.949,0.949,176,69,415,28,140
3/9/2026,16:17:41:.062,0.062,173,69,410,28,140
3/9/2026,16:17:41:.236,0.236,180,74,430,28,140
3/9/2026,16:17:41:.350,0.35,180,72,430,28,140
3/9/2026,16:17:41:.464,0.464,178,72,411,28,140
3/9/2026,16:17:41:.579,0.579,178,76,411,28,140
3/9/2026,16:17:41:.690,0.69,185,76,422,28,140
3/9/2026,16:17:41:.805,0.805,185,73,422,28,140
3/9/2026,16:17:41:.919,0.919,173,73,395,28,140
3/9/2026,16:17:42:.035,0.035,173,75,395,28,140
3/9/2026,16:17:42:.187,0.187,182,75,434,28,140
3/9/2026,16:17:42:.326,0.326,175,72,414,28,140
3/9/2026,16:17:42:.493,0.493,175,74,414,28,140
3/9/2026,16:17:42:.659,0.659,175,70,414,28,140
3/9/2026,16:17:42:.865,0.865,173,70,420,28,140
3/9/2026,16:17:42:.980,0.98,182,76,427,28,140
3/9/2026,16:17:43:.122,0.122,182,72,427,28,140
3/9/2026,16:17:43:.239,0.239,171,76,413,28,140
3/9/2026,16:17:43:.353,0.353,171,76,413,28,140
3/9/2026,16:17:43:.480,0.48,171,71,413,28,140
3/9/2026,16:17:43:.647,0.647,168,71,393,28,140
3/9/2026,16:17:43:.763,0.763,178,73,427,28,140
3/9/2026,16:17:43:.923,0.923,178,71,427,28,140
3/9/2026,16:17:44:.130,0.13,162,71,404,28,140
3/9/2026,16:17:44:.264,0.264,179,73,408,28,140
3/9/2026,16:17:44:.379,0.379,167,73,408,28,140
3/9/2026,16:17:44:.492,0.492,167,72,408,28,140
3/9/2026,16:17:44:.615,0.615,183,72,428,28,140
3/9/2026,16:17:44:.725,0.725,183,71,428,28,140
3/9/2026,16:17:44:.883,0.883,168,71,396,28,140
3/9/2026,16:17:44:.996,0.996,181,72,426,28,140
3/9/2026,16:17:45:.110,0.11,181,75,426,28,140
3/9/2026,16:17:45:.222,0.222,167,75,401,28,140
3/9/2026,16:17:45:.360,0.36,167,75,401,28,140
3/9/2026,16:17:45:.474,0.474,178,75,429,28,140
3/9/2026,16:17:45:.615,0.615,170,75,398,28,140
3/9/2026,16:17:45:.733,0.733,167,70,386,28,140
3/9/2026,16:17:45:.875,0.875,186,70,403,28,140
3/9/2026,16:17:45:.991,0.991,177,75,409,28,140
3/9/2026,16:17:46:.111,0.111,177,70,409,28,140
3/9/2026,16:17:46:.225,0.225,179,72,405,28,140
3/9/2026,16:17:46:.342,0.342,179,75,405,28,140
3/9/2026,16:17:46:.460,0.46,179,75,409,28,140
3/9/2026,16:17:46:.575,0.575,179,71,409,28,140
3/9/2026,16:17:46:.688,0.688,178,71,399,28,140
3/9/2026,16:17:46:.850,0.85,178,76,399,28,140
3/9/2026,16:17:46:.964,0.964,182,71,419,28,140
3/9/2026,16:17:47:.081,0.081,181,71,411,28,140
3/9/2026,16:17:47:.253,0.253,181,79,411,28,140
3/9/2026,16:17:47:.449,0.449,170,72,430,28,140
3/9/2026,16:17:47:.594,0.594,181,76,425,28,140
3/9/2026,16:17:47:.705,0.705,184,76,420,28,140
3/9/2026,16:17:47:.867,0.867,184,72,420,28,140
3/9/2026,16:17:47:.991,0.991,184,76,420,28,140
3/9/2026,16:17:48:.125,0.125,182,76,416,28,140
3/9/2026,16:17:48:.344,0.344,167,72,410,28,140
3/9/2026,16:17:48:.492,0.492,172,75,403,28,140
3/9/2026,16:17:48:.648,0.648,177,70,425,28,140
3/9/2026,16:17:48:.842,0.842,175,70,407,28,140
3/9/2026,16:17:49:.017,0.017,182,74,417,28,140
3/9/2026,16:17:49:.165,0.165,168,74,386,28,140
3/9/2026,16:17:49:.318,0.318,181,74,416,28,140
3/9/2026,16:17:49:.474,0.474,179,71,405,28,140
3/9/2026,16:17:49:.639,0.639,169,70,412,28,140
3/9/2026,16:17:49:.809,0.809,178,74,443,28,140
3/9/2026,16:17:49:.926,0.926,171,71,402,28,140
3/9/2026,16:17:50:.048,0.048,163,73,390,28,140
3/9/2026,16:17:50:.168,0.168,185,75,435,28,140
3/9/2026,16:17:50:.310,0.31,178,74,437,28,140
3/9/2026,16:17:50:.433,0.433,171,72,408,28,140
3/9/2026,16:17:50:.555,0.555,181,72,411,28,140
3/9/2026,16:17:50:.690,0.69,184,75,425,28,140
3/9/2026,16:17:50:.864,0.864,173,70,411,28,140
3/9/2026,16:17:50:.983,0.983,175,75,415,28,140
3/9/2026,16:17:51:.106,0.106,202,75,442,28,140
3/9/2026,16:17:51:.228,0.228,202,96,442,28,140
3/9/2026,16:17:51:.348,0.348,269,145,589,28,140
3/9/2026,16:17:51:.559,0.559,380,145,882,28,140
3/9/2026,16:17:51:.715,0.715,422,186,976,28,141
3/9/2026,16:17:51:.835,0.835,441,226,1001,28,142
3/9/2026,16:17:51:.951,0.951,494,226,1146,28,142
3/9/2026,16:17:52:.114,0.114,494,236,1146,28,143
3/9/2026,16:17:52:.243,0.243,500,254,1174,28,144
3/9/2026,16:17:52:.360,0.36,529,254,1231,28,144
3/9/2026,16:17:52:.473,0.473,503,253,1180,28,146
3/9/2026,16:17:52:.589,0.589,503,254,1180,28,148
3/9/2026,16:17:52:.704,0.704,503,256,1180,28,149
3/9/2026,16:17:52:.863,0.863,512,256,1204,28,149
3/9/2026,16:17:52:.978,0.978,491,239,1156,28,151
3/9/2026,16:17:53:.159,0.159,491,247,1156,28,153
3/9/2026,16:17:53:.314,0.314,447,227,1072,28,155
3/9/2026,16:17:53:.430,0.43,471,238,1092,28,157
3/9/2026,16:17:53:.586,0.586,435,238,1031,28,157
3/9/2026,16:17:53:.705,0.705,435,228,1031,28,160
3/9/2026,16:17:53:.846,0.846,451,228,1078,28,160
3/9/2026,16:17:53:.989,0.989,423,223,996,28,163
3/9/2026,16:17:54:.105,0.105,423,236,996,28,164
3/9/2026,16:17:54:.221,0.221,440,240,1026,28,165
3/9/2026,16:17:54:.339,0.339,440,225,1026,28,167
3/9/2026,16:17:54:.462,0.462,449,225,1049,28,167
3/9/2026,16:17:54:.587,0.587,449,238,1049,28,169
3/9/2026,16:17:54:.714,0.714,423,238,1017,28,169
3/9/2026,16:17:54:.833,0.833,467,241,1095,28,171
3/9/2026,16:17:54:.957,0.957,467,240,1095,28,173
3/9/2026,16:17:55:.123,0.123,435,240,1037,28,173
3/9/2026,16:17:55:.279,0.279,437,248,1043,28,174
3/9/2026,16:17:55:.440,0.44,443,235,1037,28,177
3/9/2026,16:17:55:.589,0.589,443,266,1037,28,179
3/9/2026,16:17:55:.710,0.71,437,247,1034,28,180
3/9/2026,16:17:55:.835,0.835,470,259,1113,28,181
3/9/2026,16:17:55:.964,0.964,474,259,1097,28,181
3/9/2026,16:17:56:.098,0.098,454,246,1083,28,183
3/9/2026,16:17:56:.234,0.234,454,276,1083,28,185
3/9/2026,16:17:56:.359,0.359,454,276,1083,28,185
3/9/2026,16:17:56:.484,0.484,454,261,1083,28,187
3/9/2026,16:17:56:.612,0.612,482,256,1108,28,189
3/9/2026,16:17:56:.737,0.737,475,256,1081,28,189
3/9/2026,16:17:56:.862,0.862,475,256,1081,28,189
3/9/2026,16:17:56:.986,0.986,441,256,1040,28,189
3/9/2026,16:17:57:.116,0.116,495,268,1126,28,193
3/9/2026,16:17:57:.239,0.239,495,264,1126,28,195
3/9/2026,16:17:57:.398,0.398,496,264,1126,28,196
3/9/2026,16:17:57:.569,0.569,437,283,1054,28,198
3/9/2026,16:17:57:.723,0.723,438,295,1066,28,200
3/9/2026,16:17:57:.882,0.882,485,268,1132,28,202
3/9/2026,16:17:58:.002,0.002,486,268,1122,28,202
3/9/2026,16:17:58:.138,0.138,486,300,1122,28,204
3/9/2026,16:17:58:.256,0.256,430,311,1034,28,206
3/9/2026,16:17:58:.385,0.385,457,311,1077,28,206
3/9/2026,16:17:58:.500,0.5,457,289,1077,28,208
3/9/2026,16:17:58:.696,0.696,457,289,1077,28,208
3/9/2026,16:17:58:.810,0.81,483,291,1103,28,210
3/9/2026,16:17:58:.933,0.933,483,291,1103,28,210
3/9/2026,16:17:59:.063,0.063,483,291,1103,28,210
3/9/2026,16:17:59:.185,0.185,483,301,1103,28,214
3/9/2026,16:17:59:.322,0.322,458,295,1085,28,216
3/9/2026,16:17:59:.448,0.448,497,304,1162,28,216
3/9/2026,16:17:59:.569,0.569,497,304,1162,28,216
3/9/2026,16:17:59:.704,0.704,459,304,1119,28,216
3/9/2026,16:17:59:.826,0.826,466,323,1114,28,220
3/9/2026,16:17:59:.955,0.955,466,333,1114,28,222
3/9/2026,16:18:00:.105,0.105,474,333,1086,28,222
3/9/2026,16:18:00:.231,0.231,474,333,1086,28,222
3/9/2026,16:18:00:.368,0.368,405,232,955,28,226
3/9/2026,16:18:00:.505,0.505,330,232,772,28,226
3/9/2026,16:18:00:.639,0.639,330,232,772,28,226
3/9/2026,16:18:00:.763,0.763,330,232,772,28,226
3/9/2026,16:18:00:.888,0.888,200,232,499,28,226
3/9/2026,16:18:01:.017,0.017,198,132,449,28,230
3/9/2026,16:18:01:.142,0.142,169,105,430,28,231
3/9/2026,16:18:01:.264,0.264,177,108,388,28,231
3/9/2026,16:18:01:.380,0.38,177,95,388,28,231
3/9/2026,16:18:01:.523,0.523,167,95,374,28,231
3/9/2026,16:18:01:.668,0.668,147,87,358,28,231
3/9/2026,16:18:01:.796,0.796,147,103,358,28,231
3/9/2026,16:18:01:.920,0.92,153,103,370,28,231
3/9/2026,16:18:02:.040,0.04,153,103,370,28,231
3/9/2026,16:18:02:.189,0.189,170,99,394,28,231
3/9/2026,16:18:02:.305,0.305,186,99,405,28,231
3/9/2026,16:18:02:.432,0.432,186,104,405,28,231
3/9/2026,16:18:02:.547,0.547,200,104,435,28,231
3/9/2026,16:18:02:.670,0.67,176,123,431,28,231
3/9/2026,16:18:02:.816,0.816,176,136,431,28,230
3/9/2026,16:18:02:.937,0.937,184,130,450,28,230
3/9/2026,16:18:03:.056,0.056,184,130,450,28,230
3/9/2026,16:18:03:.174,0.174,200,130,492,28,230
3/9/2026,16:18:03:.290,0.29,200,127,492,28,230
3/9/2026,16:18:03:.422,0.422,236,127,524,28,230
3/9/2026,16:18:03:.564,0.564,236,132,535,28,230
3/9/2026,16:18:03:.685,0.685,236,137,535,28,230
3/9/2026,16:18:03:.799,0.799,236,137,535,28,230
3/9/2026,16:18:03:.913,0.913,236,137,535,28,230
3/9/2026,16:18:04:.028,0.028,210,137,502,28,230
3/9/2026,16:18:04:.200,0.2,212,155,518,28,230
3/9/2026,16:18:04:.316,0.316,212,143,518,28,230
3/9/2026,16:18:04:.477,0.477,212,143,518,28,230
3/9/2026,16:18:04:.596,0.596,237,137,552,28,230
3/9/2026,16:18:04:.741,0.741,237,140,552,28,230
3/9/2026,16:18:04:.855,0.855,223,152,524,28,230
3/9/2026,16:18:04:.993,0.993,220,151,497,28,230
3/9/2026,16:18:05:.127,0.127,210,150,486,28,230
3/9/2026,16:18:05:.250,0.25,214,150,516,28,230
3/9/2026,16:18:05:.405,0.405,214,143,516,28,230
3/9/2026,16:18:05:.556,0.556,234,137,534,28,230
3/9/2026,16:18:05:.672,0.672,233,131,534,28,230
3/9/2026,16:18:05:.787,0.787,199,146,493,28,230
3/9/2026,16:18:05:.931,0.931,199,151,493,28,230
3/9/2026,16:18:06:.090,0.09,198,145,511,28,230
3/9/2026,16:18:06:.207,0.207,198,145,511,28,230
3/9/2026,16:18:06:.328,0.328,206,145,502,28,230
3/9/2026,16:18:06:.444,0.444,206,135,502,28,230
3/9/2026,16:18:06:.560,0.56,220,135,528,28,230
3/9/2026,16:18:06:.699,0.699,220,128,528,28,230
3/9/2026,16:18:06:.857,0.857,236,128,525,28,230
3/9/2026,16:18:07:.017,0.017,231,128,528,28,230
3/9/2026,16:18:07:.190,0.19,214,144,499,28,230
3/9/2026,16:18:07:.362,0.362,214,148,499,28,230
3/9/2026,16:18:07:.555,0.555,206,148,487,28,230
3/9/2026,16:18:07:.670,0.67,205,132,495,28,230
3/9/2026,16:18:07:.820,0.82,220,138,526,28,230
3/9/2026,16:18:07:.936,0.936,220,130,517,28,230
3/9/2026,16:18:08:.051,0.051,220,147,517,28,230
3/9/2026,16:18:08:.165,0.165,201,132,494,28,230
3/9/2026,16:18:08:.280,0.28,218,148,533,28,230
3/9/2026,16:18:08:.398,0.398,203,148,502,28,230
3/9/2026,16:18:08:.511,0.511,203,150,502,28,230
3/9/2026,16:18:08:.625,0.625,230,150,536,28,230
3/9/2026,16:18:08:.738,0.738,230,130,536,28,230
3/9/2026,16:18:08:.853,0.853,230,130,540,28,230
3/9/2026,16:18:09:.017,0.017,230,131,540,28,230
3/9/2026,16:18:09:.136,0.136,223,136,519,28,230
3/9/2026,16:18:09:.254,0.254,223,136,519,28,230
3/9/2026,16:18:09:.366,0.366,223,136,519,28,230
3/9/2026,16:18:09:.571,0.571,219,136,526,28,230
3/9/2026,16:18:09:.690,0.69,213,146,505,28,230
3/9/2026,16:18:09:.831,0.831,213,134,505,28,230
3/9/2026,16:18:10:.014,0.014,230,131,535,28,230
3/9/2026,16:18:10:.213,0.213,228,131,522,28,230
3/9/2026,16:18:10:.336,0.336,218,135,519,28,230
3/9/2026,16:18:10:.450,0.45,218,145,519,28,230
3/9/2026,16:18:10:.579,0.579,209,145,491,28,230
3/9/2026,16:18:10:.738,0.738,212,152,506,28,230
3/9/2026,16:18:10:.873,0.873,212,140,506,28,230
3/9/2026,16:18:11:.052,0.052,221,140,520,28,230
3/9/2026,16:18:11:.232,0.232,235,133,536,28,230
3/9/2026,16:18:11:.346,0.346,222,145,526,28,230
3/9/2026,16:18:11:.476,0.476,222,145,526,28,230
3/9/2026,16:18:11:.643,0.643,222,145,526,28,230
3/9/2026,16:18:11:.826,0.826,207,154,498,28,230
3/9/2026,16:18:11:.942,0.942,229,151,534,28,230
3/9/2026,16:18:12:.056,0.056,217,131,520,28,230
3/9/2026,16:18:12:.171,0.171,229,131,528,28,230
3/9/2026,16:18:12:.328,0.328,229,130,528,28,230
3/9/2026,16:18:12:.444,0.444,220,148,532,28,230
3/9/2026,16:18:12:.599,0.599,204,136,503,28,230
3/9/2026,16:18:12:.714,0.714,226,142,550,28,230
3/9/2026,16:18:12:.847,0.847,209,142,528,28,230
3/9/2026,16:18:12:.961,0.961,228,133,539,28,230
3/9/2026,16:18:13:.077,0.077,228,129,539,28,230
3/9/2026,16:18:13:.191,0.191,225,129,518,28,230
3/9/2026,16:18:13:.306,0.306,225,133,518,28,230
3/9/2026,16:18:13:.422,0.422,212,133,518,28,230
3/9/2026,16:18:13:.534,0.534,212,145,518,28,230
3/9/2026,16:18:13:.689,0.689,207,145,513,28,230
3/9/2026,16:18:13:.874,0.874,222,144,502,28,230
3/9/2026,16:18:14:.043,0.043,233,134,545,28,230
3/9/2026,16:18:14:.221,0.221,201,131,502,28,230
3/9/2026,16:18:14:.334,0.334,230,142,518,28,230
3/9/2026,16:18:14:.511,0.511,212,142,500,28,230
3/9/2026,16:18:14:.689,0.689,201,150,482,28,230
3/9/2026,16:18:14:.811,0.811,233,148,513,28,230
3/9/2026,16:18:14:.928,0.928,233,148,513,28,230
3/9/2026,16:18:15:.042,0.042,229,142,524,28,230
3/9/2026,16:18:15:.204,0.204,229,130,524,28,230
3/9/2026,16:18:15:.318,0.318,226,149,517,28,230
3/9/2026,16:18:15:.459,0.459,205,139,499,28,230
3/9/2026,16:18:15:.581,0.581,232,148,524,28,230
3/9/2026,16:18:15:.743,0.743,232,132,524,28,230
3/9/2026,16:18:15:.874,0.874,230,132,522,28,230
3/9/2026,16:18:16:.025,0.025,230,130,522,28,230
3/9/2026,16:18:16:.139,0.139,221,148,506,28,230
3/9/2026,16:18:16:.258,0.258,211,136,510,28,230
3/9/2026,16:18:16:.372,0.372,211,149,510,28,230
3/9/2026,16:18:16:.503,0.503,204,149,490,28,230
3/9/2026,16:18:16:.678,0.678,204,151,490,28,230
3/9/2026,16:18:16:.792,0.792,222,135,528,28,230
3/9/2026,16:18:16:.924,0.924,229,135,526,28,230
3/9/2026,16:18:17:.036,0.036,207,129,504,28,230
3/9/2026,16:18:17:.151,0.151,207,147,504,28,230
3/9/2026,16:18:17:.285,0.285,203,147,495,28,230
3/9/2026,16:18:17:.403,0.403,213,146,507,28,230
3/9/2026,16:18:17:.524,0.524,205,146,489,28,230
3/9/2026,16:18:17:.654,0.654,205,146,489,28,230
3/9/2026,16:18:17:.772,0.772,211,146,513,28,230
3/9/2026,16:18:17:.891,0.891,233,130,519,28,230
3/9/2026,16:18:18:.010,0.01,221,132,522,28,230
3/9/2026,16:18:18:.127,0.127,221,132,522,28,230
3/9/2026,16:18:18:.253,0.253,233,132,552,28,230
3/9/2026,16:18:18:.374,0.374,233,133,552,28,230
3/9/2026,16:18:18:.491,0.491,232,141,533,28,230
3/9/2026,16:18:18:.606,0.606,206,141,487,28,230
3/9/2026,16:18:18:.766,0.766,206,147,487,28,230
3/9/2026,16:18:18:.930,0.93,197,138,477,28,230
3/9/2026,16:18:19:.061,0.061,214,145,500,28,230
3/9/2026,16:18:19:.187,0.187,214,137,500,28,230
3/9/2026,16:18:19:.308,0.308,228,135,519,28,230
3/9/2026,16:18:19:.421,0.421,228,130,519,28,230
3/9/2026,16:18:19:.552,0.552,230,144,526,28,230
3/9/2026,16:18:19:.669,0.669,206,144,499,28,230
3/9/2026,16:18:19:.784,0.784,212,140,498,28,230
3/9/2026,16:18:19:.898,0.898,203,133,480,28,230
3/9/2026,16:18:20:.012,0.012,203,144,480,28,230
3/9/2026,16:18:20:.141,0.141,230,144,518,28,230
3/9/2026,16:18:20:.273,0.273,230,133,518,28,230
3/9/2026,16:18:20:.445,0.445,228,133,522,28,230
3/9/2026,16:18:20:.590,0.59,232,148,535,28,230
3/9/2026,16:18:20:.704,0.704,214,138,505,28,230
3/9/2026,16:18:20:.827,0.827,214,147,505,28,230
3/9/2026,16:18:20:.943,0.943,205,147,495,28,230
3/9/2026,16:18:21:.057,0.057,205,137,495,28,230
3/9/2026,16:18:21:.217,0.217,213,145,516,28,230
3/9/2026,16:18:21:.334,0.334,238,191,563,28,230
3/9/2026,16:18:21:.523,0.523,317,224,742,28,230
3/9/2026,16:18:21:.645,0.645,390,248,901,28,230
3/9/2026,16:18:21:.787,0.787,390,287,901,28,231
3/9/2026,16:18:21:.901,0.901,463,316,1086,28,231
3/9/2026,16:18:22:.017,0.017,491,316,1166,28,231
3/9/2026,16:18:22:.171,0.171,513,360,1192,28,232
3/9/2026,16:18:22:.284,0.284,510,349,1206,28,233
3/9/2026,16:18:22:.425,0.425,510,383,1206,28,234
3/9/2026,16:18:22:.540,0.54,524,387,1253,28,236
3/9/2026,16:18:22:.654,0.654,543,387,1282,28,236
3/9/2026,16:18:22:.835,0.835,543,391,1282,28,238
3/9/2026,16:18:22:.949,0.949,552,389,1299,28,240
3/9/2026,16:18:23:.162,0.162,556,388,1286,28,240
3/9/2026,16:18:23:.282,0.282,543,385,1274,28,242
3/9/2026,16:18:23:.393,0.393,543,388,1274,28,245
3/9/2026,16:18:23:.527,0.527,534,388,1251,28,245
3/9/2026,16:18:23:.640,0.64,508,396,1211,28,246
3/9/2026,16:18:23:.864,0.864,508,388,1211,28,249
3/9/2026,16:18:24:.065,0.065,508,374,1192,28,251
3/9/2026,16:18:24:.250,0.25,498,370,1191,28,254
3/9/2026,16:18:24:.364,0.364,506,364,1184,28,256
3/9/2026,16:18:24:.485,0.485,501,364,1150,28,256
3/9/2026,16:18:24:.603,0.603,501,363,1150,28,258
3/9/2026,16:18:24:.716,0.716,496,363,1137,28,258
3/9/2026,16:18:24:.843,0.843,496,366,1137,28,260
3/9/2026,16:18:24:.975,0.975,483,366,1150,28,260
3/9/2026,16:18:25:.104,0.104,487,368,1138,28,262
3/9/2026,16:18:25:.228,0.228,497,379,1147,28,264
3/9/2026,16:18:25:.355,0.355,496,375,1154,28,265
3/9/2026,16:18:25:.479,0.479,496,371,1154,28,267
3/9/2026,16:18:25:.607,0.607,475,395,1142,28,268
3/9/2026,16:18:25:.744,0.744,470,373,1129,28,269
3/9/2026,16:18:25:.963,0.963,493,415,1168,28,270
3/9/2026,16:18:26:.076,0.076,493,412,1168,28,272
3/9/2026,16:18:26:.191,0.191,474,412,1154,28,272
3/9/2026,16:18:26:.311,0.311,474,411,1154,28,274
3/9/2026,16:18:26:.428,0.428,483,411,1174,28,274
3/9/2026,16:18:26:.569,0.569,483,418,1174,28,277
3/9/2026,16:18:26:.683,0.683,494,423,1178,28,279
3/9/2026,16:18:26:.803,0.803,504,423,1205,28,279
3/9/2026,16:18:26:.936,0.936,504,426,1205,28,281
3/9/2026,16:18:27:.090,0.09,504,426,1205,28,281
3/9/2026,16:18:27:.221,0.221,501,427,1176,28,283
3/9/2026,16:18:27:.343,0.343,501,432,1176,28,285
3/9/2026,16:18:27:.499,0.499,501,432,1176,28,285
3/9/2026,16:18:27:.617,0.617,495,445,1190,28,287
3/9/2026,16:18:27:.732,0.732,495,444,1190,28,289
3/9/2026,16:18:27:.862,0.862,497,444,1177,28,289
3/9/2026,16:18:28:.022,0.022,497,443,1177,28,291
3/9/2026,16:18:28:.177,0.177,508,445,1184,28,293
3/9/2026,16:18:28:.291,0.291,508,447,1201,28,295
3/9/2026,16:18:28:.405,0.405,514,447,1200,28,295
3/9/2026,16:18:28:.521,0.521,523,447,1225,28,295
3/9/2026,16:18:28:.638,0.638,523,445,1225,28,298
3/9/2026,16:18:28:.760,0.76,528,445,1208,28,298
3/9/2026,16:18:28:.917,0.917,528,443,1208,28,300
3/9/2026,16:18:29:.037,0.037,533,442,1230,28,302
3/9/2026,16:18:29:.154,0.154,508,446,1208,28,303
3/9/2026,16:18:29:.315,0.315,508,461,1208,28,305
3/9/2026,16:18:29:.429,0.429,508,460,1208,28,306
3/9/2026,16:18:29:.562,0.562,526,474,1211,28,307
3/9/2026,16:18:29:.727,0.727,545,468,1228,28,308
3/9/2026,16:18:29:.889,0.889,545,471,1228,28,310
3/9/2026,16:18:30:.003,0.003,521,467,1221,28,312
3/9/2026,16:18:30:.119,0.119,521,480,1221,28,312
3/9/2026,16:18:30:.256,0.256,511,480,1216,28,312
3/9/2026,16:18:30:.373,0.373,516,480,1231,28,315
3/9/2026,16:18:30:.511,0.511,516,477,1231,28,317
3/9/2026,16:18:30:.705,0.705,516,477,1231,28,317
3/9/2026,16:18:30:.839,0.839,537,477,1276,28,317
3/9/2026,16:18:30:.954,0.954,537,488,1276,28,321
3/9/2026,16:18:31:.121,0.121,530,488,1248,28,321
3/9/2026,16:18:31:.263,0.263,541,492,1238,28,323
3/9/2026,16:18:31:.379,0.379,550,505,1265,28,325
3/9/2026,16:18:31:.560,0.56,550,509,1265,28,327
3/9/2026,16:18:31:.747,0.747,533,510,1258,28,327
3/9/2026,16:18:31:.882,0.882,551,510,1274,28,327
3/9/2026,16:18:32:.000,0,544,503,1270,28,332
3/9/2026,16:18:32:.165,0.165,544,506,1270,28,333
3/9/2026,16:18:32:.328,0.328,550,503,1268,28,334
3/9/2026,16:18:32:.497,0.497,543,518,1266,28,336
3/9/2026,16:18:32:.613,0.613,538,525,1253,28,338
3/9/2026,16:18:32:.813,0.813,537,525,1260,28,338
3/9/2026,16:18:32:.972,0.972,536,525,1265,28,340
3/9/2026,16:18:33:.147,0.147,545,532,1270,28,342
3/9/2026,16:18:33:.309,0.309,545,522,1270,28,344
3/9/2026,16:18:33:.461,0.461,551,530,1275,28,346
3/9/2026,16:18:33:.618,0.618,551,538,1275,28,348
3/9/2026,16:18:33:.762,0.762,534,538,1274,28,348
3/9/2026,16:18:33:.921,0.921,534,547,1274,28,350
3/9/2026,16:18:34:.088,0.088,542,537,1271,28,352
3/9/2026,16:18:34:.206,0.206,542,539,1271,28,354
3/9/2026,16:18:34:.320,0.32,545,539,1283,28,354
3/9/2026,16:18:34:.432,0.432,545,539,1283,28,354
3/9/2026,16:18:34:.590,0.59,543,539,1292,28,354
3/9/2026,16:18:34:.705,0.705,535,566,1286,28,358
3/9/2026,16:18:34:.876,0.876,564,565,1322,28,360
3/9/2026,16:18:35:.034,0.034,559,566,1299,28,362
3/9/2026,16:18:35:.150,0.15,560,555,1305,28,362
3/9/2026,16:18:35:.266,0.266,560,572,1305,28,365
3/9/2026,16:18:35:.381,0.381,555,572,1298,28,365
3/9/2026,16:18:35:.516,0.516,555,580,1298,28,366
3/9/2026,16:18:35:.669,0.669,561,571,1304,28,368
3/9/2026,16:18:35:.846,0.846,562,571,1309,28,368
3/9/2026,16:18:35:.971,0.971,563,571,1302,28,368
3/9/2026,16:18:36:.088,0.088,563,594,1302,28,373
3/9/2026,16:18:36:.203,0.203,557,596,1302,28,374
3/9/2026,16:18:36:.346,0.346,544,596,1308,28,374
3/9/2026,16:18:36:.546,0.546,559,579,1295,28,377
3/9/2026,16:18:36:.663,0.663,563,600,1313,28,379
3/9/2026,16:18:36:.783,0.783,552,600,1312,28,379
3/9/2026,16:18:36:.897,0.897,552,605,1312,28,381
3/9/2026,16:18:37:.019,0.019,565,605,1321,28,381
3/9/2026,16:18:37:.135,0.135,565,608,1321,28,383
3/9/2026,16:18:37:.266,0.266,567,608,1338,28,383
3/9/2026,16:18:37:.384,0.384,567,605,1338,28,385
3/9/2026,16:18:37:.540,0.54,555,616,1313,28,387
3/9/2026,16:18:37:.700,0.7,565,616,1313,28,387
3/9/2026,16:18:37:.889,0.889,563,608,1320,28,389
3/9/2026,16:18:38:.004,0.004,570,608,1356,28,389
3/9/2026,16:18:38:.192,0.192,570,626,1356,28,393
3/9/2026,16:18:38:.310,0.31,589,627,1345,28,395
3/9/2026,16:18:38:.426,0.426,567,627,1353,28,395
3/9/2026,16:18:38:.599,0.599,567,635,1353,28,397
3/9/2026,16:18:38:.761,0.761,580,639,1363,28,399
3/9/2026,16:18:38:.873,0.873,574,632,1356,28,399
3/9/2026,16:18:38:.985,0.985,574,642,1356,28,401
3/9/2026,16:18:39:.119,0.119,564,642,1338,28,401
3/9/2026,16:18:39:.256,0.256,584,637,1362,28,403
3/9/2026,16:18:39:.374,0.374,584,641,1362,28,406
3/9/2026,16:18:39:.527,0.527,571,641,1360,28,406
3/9/2026,16:18:39:.645,0.645,581,652,1344,28,408
3/9/2026,16:18:39:.765,0.765,583,661,1332,28,409
3/9/2026,16:18:39:.876,0.876,580,659,1341,28,410
3/9/2026,16:18:39:.996,0.996,580,674,1341,28,412
3/9/2026,16:18:40:.121,0.121,571,674,1377,28,412
3/9/2026,16:18:40:.242,0.242,571,668,1377,28,414
3/9/2026,16:18:40:.366,0.366,591,661,1343,28,416
3/9/2026,16:18:40:.482,0.482,574,661,1365,28,416
3/9/2026,16:18:40:.669,0.669,596,672,1363,28,418
3/9/2026,16:18:40:.786,0.786,587,674,1370,28,420
3/9/2026,16:18:40:.971,0.971,579,674,1359,28,420
3/9/2026,16:18:41:.115,0.115,588,678,1369,28,423
3/9/2026,16:18:41:.268,0.268,587,696,1405,28,424
3/9/2026,16:18:41:.383,0.383,587,695,1381,28,425
3/9/2026,16:18:41:.536,0.536,587,690,1381,28,426
3/9/2026,16:18:41:.727,0.727,601,703,1400,28,429
3/9/2026,16:18:41:.854,0.854,594,704,1375,28,431
3/9/2026,16:18:41:.994,0.994,587,704,1386,28,431
3/9/2026,16:18:42:.111,0.111,593,714,1374,28,433
3/9/2026,16:18:42:.227,0.227,593,713,1374,28,434
3/9/2026,16:18:42:.348,0.348,593,702,1374,28,435
3/9/2026,16:18:42:.511,0.511,587,702,1388,28,435
3/9/2026,16:18:42:.670,0.67,596,724,1403,28,437
3/9/2026,16:18:42:.787,0.787,595,720,1388,28,439
3/9/2026,16:18:42:.909,0.909,595,720,1397,28,439
3/9/2026,16:18:43:.060,0.06,595,716,1397,28,441
3/9/2026,16:18:43:.176,0.176,586,723,1393,28,444
3/9/2026,16:18:43:.362,0.362,537,723,1301,28,444
3/9/2026,16:18:43:.518,0.518,468,613,1120,28,446
3/9/2026,16:18:43:.697,0.697,423,529,1000,28,448
3/9/2026,16:18:43:.868,0.868,423,466,1000,28,449
3/9/2026,16:18:43:.985,0.985,363,433,860,28,450
3/9/2026,16:18:44:.117,0.117,333,413,781,28,450
3/9/2026,16:18:44:.236,0.236,294,381,713,28,451
3/9/2026,16:18:44:.385,0.385,294,381,713,28,451
3/9/2026,16:18:44:.572,0.572,289,381,673,28,451
3/9/2026,16:18:44:.684,0.684,269,340,659,28,452
3/9/2026,16:18:44:.799,0.799,282,322,676,28,452
3/9/2026,16:18:44:.913,0.913,275,322,644,28,452
3/9/2026,16:18:45:.027,0.027,275,332,644,28,452
3/9/2026,16:18:45:.214,0.214,286,332,648,28,452
3/9/2026,16:18:45:.325,0.325,286,322,672,28,452
3/9/2026,16:18:45:.490,0.49,286,344,672,28,451
3/9/2026,16:18:45:.607,0.607,296,346,693,28,451
3/9/2026,16:18:45:.739,0.739,296,361,699,28,451
3/9/2026,16:18:45:.901,0.901,296,368,716,28,451
3/9/2026,16:18:46:.016,0.016,296,365,716,28,451
3/9/2026,16:18:46:.181,0.181,322,365,739,28,451
3/9/2026,16:18:46:.299,0.299,320,379,743,28,450
3/9/2026,16:18:46:.433,0.433,328,385,753,28,450
3/9/2026,16:18:46:.592,0.592,335,395,761,28,450
3/9/2026,16:18:46:.773,0.773,343,395,817,28,450
3/9/2026,16:18:46:.889,0.889,343,396,817,28,450
3/9/2026,16:18:47:.019,0.019,341,396,796,28,450
3/9/2026,16:18:47:.183,0.183,341,412,796,28,450
3/9/2026,16:18:47:.351,0.351,345,420,814,28,450
3/9/2026,16:18:47:.466,0.466,345,409,814,28,450
3/9/2026,16:18:47:.628,0.628,348,409,824,28,450
3/9/2026,16:18:47:.744,0.744,343,421,815,28,450
3/9/2026,16:18:47:.911,0.911,353,410,824,28,450
3/9/2026,16:18:48:.036,0.036,343,418,801,28,450
3/9/2026,16:18:48:.150,0.15,343,412,801,28,450
3/9/2026,16:18:48:.305,0.305,351,404,806,28,450
3/9/2026,16:18:48:.435,0.435,335,404,810,28,450
3/9/2026,16:18:48:.551,0.551,335,403,810,28,450
3/9/2026,16:18:48:.725,0.725,337,403,793,28,450
3/9/2026,16:18:48:.840,0.84,335,411,791,28,450
3/9/2026,16:18:49:.034,0.034,335,411,791,28,450
3/9/2026,16:18:49:.144,0.144,334,405,790,28,450
3/9/2026,16:18:49:.276,0.276,350,405,797,28,450
3/9/2026,16:18:49:.401,0.401,350,405,797,28,450
3/9/2026,16:18:49:.516,0.516,350,405,797,28,450
3/9/2026,16:18:49:.630,0.63,336,409,810,28,450
3/9/2026,16:18:49:.770,0.77,336,397,810,28,450
3/9/2026,16:18:49:.929,0.929,337,397,785,28,450
3/9/2026,16:18:50:.109,0.109,343,397,786,28,450
3/9/2026,16:18:50:.224,0.224,343,394,786,28,450
3/9/2026,16:18:50:.340,0.34,337,402,803,28,450
3/9/2026,16:18:50:.457,0.457,343,402,795,28,450
3/9/2026,16:18:50:.570,0.57,330,402,789,28,450
3/9/2026,16:18:50:.724,0.724,330,402,789,28,450
3/9/2026,16:18:50:.881,0.881,342,402,792,28,450
3/9/2026,16:18:51:.024,0.024,335,402,774,28,450
3/9/2026,16:18:51:.141,0.141,325,406,774,28,450
3/9/2026,16:18:51:.261,0.261,357,406,828,28,450
3/9/2026,16:18:51:.378,0.378,357,449,828,28,450
3/9/2026,16:18:51:.498,0.498,432,449,998,28,450
3/9/2026,16:18:51:.763,0.763,432,547,998,28,450
3/9/2026,16:18:51:.927,0.927,547,547,1293,28,450
3/9/2026,16:18:52:.090,0.09,606,716,1375,28,451
3/9/2026,16:18:52:.204,0.204,602,761,1398,28,452
3/9/2026,16:18:52:.368,0.368,643,761,1493,28,452
3/9/2026,16:18:52:.484,0.484,652,808,1527,28,453
3/9/2026,16:18:52:.598,0.598,652,834,1527,28,455
3/9/2026,16:18:52:.728,0.728,678,834,1588,28,455
3/9/2026,16:18:52:.841,0.841,678,853,1588,28,457
3/9/2026,16:18:53:.002,0.002,672,860,1584,28,459
3/9/2026,16:18:53:.181,0.181,676,860,1585,28,459
3/9/2026,16:18:53:.350,0.35,660,856,1554,28,462
3/9/2026,16:18:53:.483,0.483,669,847,1551,28,464
3/9/2026,16:18:53:.644,0.644,669,840,1551,28,466
3/9/2026,16:18:53:.761,0.761,662,852,1542,28,466
3/9/2026,16:18:53:.928,0.928,653,849,1528,28,468
3/9/2026,16:18:54:.044,0.044,636,834,1504,28,471
3/9/2026,16:18:54:.175,0.175,631,834,1496,28,471
3/9/2026,16:18:54:.289,0.289,631,828,1496,28,473
3/9/2026,16:18:54:.437,0.437,629,818,1502,28,475
3/9/2026,16:18:54:.553,0.553,610,818,1457,28,475
3/9/2026,16:18:54:.667,0.667,610,810,1457,28,478
3/9/2026,16:18:54:.798,0.798,619,810,1455,28,478
3/9/2026,16:18:54:.943,0.943,619,811,1455,28,480
3/9/2026,16:18:55:.060,0.06,600,813,1421,28,482
3/9/2026,16:18:55:.174,0.174,607,805,1431,28,482
3/9/2026,16:18:55:.287,0.287,607,801,1431,28,484
3/9/2026,16:18:55:.402,0.402,619,801,1426,28,484
3/9/2026,16:18:55:.514,0.514,619,809,1426,28,487
3/9/2026,16:18:55:.648,0.648,612,809,1441,28,487
3/9/2026,16:18:55:.769,0.769,623,809,1434,28,488
3/9/2026,16:18:55:.944,0.944,623,822,1434,28,490
3/9/2026,16:18:56:.113,0.113,612,822,1442,28,490
3/9/2026,16:18:56:.226,0.226,630,837,1444,28,492
3/9/2026,16:18:56:.347,0.347,630,837,1444,28,492
3/9/2026,16:18:56:.471,0.471,620,837,1451,28,492
3/9/2026,16:18:56:.629,0.629,620,841,1451,28,496
3/9/2026,16:18:56:.757,0.757,612,852,1448,28,499
3/9/2026,16:18:56:.967,0.967,612,852,1448,28,499
3/9/2026,16:18:57:.080,0.08,618,854,1489,28,501
3/9/2026,16:18:57:.253,0.253,618,863,1489,28,503
3/9/2026,16:18:57:.412,0.412,622,869,1479,28,505
3/9/2026,16:18:57:.555,0.555,622,869,1479,28,505
3/9/2026,16:18:57:.668,0.668,646,872,1480,28,507
3/9/2026,16:18:57:.823,0.823,646,872,1480,28,507
3/9/2026,16:18:57:.958,0.958,646,880,1480,28,511
3/9/2026,16:18:58:.071,0.071,641,880,1516,28,511
3/9/2026,16:18:58:.252,0.252,641,887,1516,28,513
3/9/2026,16:18:58:.371,0.371,637,910,1506,28,515
3/9/2026,16:18:58:.493,0.493,639,897,1499,28,515
3/9/2026,16:18:58:.642,0.642,639,896,1499,28,517
3/9/2026,16:18:58:.758,0.758,656,913,1513,28,519
3/9/2026,16:18:58:.877,0.877,636,913,1506,28,519
3/9/2026,16:18:59:.030,0.03,636,917,1506,28,521
3/9/2026,16:18:59:.186,0.186,633,921,1527,28,523
3/9/2026,16:18:59:.308,0.308,643,916,1520,28,523
3/9/2026,16:18:59:.418,0.418,643,920,1520,28,525
3/9/2026,16:18:59:.533,0.533,643,920,1520,28,525
3/9/2026,16:18:59:.662,0.662,627,923,1488,28,527
3/9/2026,16:18:59:.775,0.775,651,910,1505,28,529
3/9/2026,16:18:59:.908,0.908,637,922,1527,28,530
3/9/2026,16:19:00:.081,0.081,661,916,1494,28,532
3/9/2026,16:19:00:.208,0.208,661,919,1494,28,533
3/9/2026,16:19:00:.342,0.342,650,919,1521,28,533
3/9/2026,16:19:00:.477,0.477,650,919,1521,28,533
3/9/2026,16:19:00:.592,0.592,659,935,1517,28,538
3/9/2026,16:19:00:.725,0.725,657,935,1512,28,538
3/9/2026,16:19:00:.934,0.934,657,959,1512,28,539
3/9/2026,16:19:01:.057,0.057,657,970,1512,28,542
3/9/2026,16:19:01:.186,0.186,657,970,1512,28,542
3/9/2026,16:19:01:.299,0.299,657,976,1512,28,544
3/9/2026,16:19:01:.495,0.495,648,960,1520,28,546
3/9/2026,16:19:01:.618,0.618,653,968,1534,28,548
3/9/2026,16:19:01:.741,0.741,645,968,1548,28,548
3/9/2026,16:19:01:.860,0.86,645,982,1548,28,550
3/9/2026,16:19:01:.978,0.978,670,987,1551,28,551
3/9/2026,16:19:02:.099,0.099,672,987,1558,28,551
3/9/2026,16:19:02:.220,0.22,670,987,1564,28,551
3/9/2026,16:19:02:.333,0.333,670,977,1564,28,554
3/9/2026,16:19:02:.452,0.452,669,991,1563,28,556
3/9/2026,16:19:02:.565,0.565,674,991,1561,28,556
3/9/2026,16:19:02:.689,0.689,658,990,1550,28,558
3/9/2026,16:19:02:.801,0.801,658,996,1550,28,559
3/9/2026,16:19:02:.923,0.923,653,1015,1568,28,561
3/9/2026,16:19:03:.034,0.034,678,1015,1565,28,561
3/9/2026,16:19:03:.155,0.155,678,1009,1565,28,563
3/9/2026,16:19:03:.280,0.28,677,1009,1583,28,563
3/9/2026,16:19:03:.408,0.408,677,1025,1583,28,565
3/9/2026,16:19:03:.535,0.535,670,1002,1594,28,567
3/9/2026,16:19:03:.741,0.741,661,1026,1581,28,567
3/9/2026,16:19:03:.861,0.861,682,1033,1586,28,569
3/9/2026,16:19:03:.981,0.981,662,1030,1561,28,571
3/9/2026,16:19:04:.103,0.103,659,1030,1571,28,571
3/9/2026,16:19:04:.223,0.223,659,1040,1571,28,573
3/9/2026,16:19:04:.337,0.337,662,1040,1564,28,573
3/9/2026,16:19:04:.477,0.477,662,1034,1564,28,575
3/9/2026,16:19:04:.600,0.6,662,1057,1564,28,577
3/9/2026,16:19:04:.721,0.721,690,1057,1615,28,577
3/9/2026,16:19:04:.833,0.833,690,1057,1615,28,580
3/9/2026,16:19:04:.955,0.955,694,1057,1597,28,580
3/9/2026,16:19:05:.069,0.069,694,1070,1597,28,582
3/9/2026,16:19:05:.181,0.181,694,1070,1610,28,582
3/9/2026,16:19:05:.300,0.3,694,1080,1610,28,584
3/9/2026,16:19:05:.418,0.418,691,1080,1593,28,584
3/9/2026,16:19:05:.550,0.55,691,1075,1593,28,586
3/9/2026,16:19:05:.665,0.665,694,1085,1598,28,588
3/9/2026,16:19:05:.780,0.78,697,1085,1630,28,588
3/9/2026,16:19:05:.925,0.925,697,1077,1630,28,590
3/9/2026,16:19:06:.042,0.042,690,1083,1597,28,592
3/9/2026,16:19:06:.158,0.158,675,1083,1601,28,592
3/9/2026,16:19:06:.284,0.284,697,1083,1616,28,592
3/9/2026,16:19:06:.397,0.397,697,1094,1616,28,594
3/9/2026,16:19:06:.513,0.513,680,1103,1612,28,597
3/9/2026,16:19:06:.636,0.636,679,1103,1605,28,597
3/9/2026,16:19:06:.753,0.753,709,1103,1626,28,597
3/9/2026,16:19:06:.871,0.871,709,1112,1626,28,599
3/9/2026,16:19:07:.026,0.026,693,1112,1606,28,599
3/9/2026,16:19:07:.148,0.148,675,1113,1620,28,602
3/9/2026,16:19:07:.304,0.304,675,1126,1620,28,604
3/9/2026,16:19:07:.423,0.423,685,1126,1637,28,605
3/9/2026,16:19:07:.538,0.538,706,1137,1645,28,606
3/9/2026,16:19:07:.650,0.65,706,1133,1645,28,608
3/9/2026,16:19:07:.807,0.807,702,1133,1651,28,608
3/9/2026,16:19:07:.919,0.919,690,1139,1641,28,610
3/9/2026,16:19:08:.044,0.044,715,1144,1643,28,612
3/9/2026,16:19:08:.175,0.175,701,1148,1661,28,612
3/9/2026,16:19:08:.334,0.334,701,1125,1661,28,614
3/9/2026,16:19:08:.506,0.506,671,1026,1561,28,616
3/9/2026,16:19:08:.622,0.622,602,950,1418,28,617
3/9/2026,16:19:08:.741,0.741,554,934,1312,28,618
3/9/2026,16:19:08:.876,0.876,561,866,1272,28,619
3/9/2026,16:19:09:.000,0,490,797,1194,28,620
3/9/2026,16:19:09:.174,0.174,463,797,1136,28,620
3/9/2026,16:19:09:.291,0.291,464,717,1099,28,621
3/9/2026,16:19:09:.473,0.473,464,717,1099,28,621
3/9/2026,16:19:09:.630,0.63,393,717,912,28,621
3/9/2026,16:19:09:.801,0.801,398,630,877,28,623
3/9/2026,16:19:09:.920,0.92,386,608,896,28,623
3/9/2026,16:19:10:.079,0.079,365,608,873,28,623
3/9/2026,16:19:10:.195,0.195,375,593,862,28,623
3/9/2026,16:19:10:.323,0.323,375,583,862,28,623
3/9/2026,16:19:10:.441,0.441,361,583,858,28,623
3/9/2026,16:19:10:.582,0.582,370,596,884,28,623
3/9/2026,16:19:10:.694,0.694,370,598,884,28,622
3/9/2026,16:19:10:.813,0.813,371,598,877,28,622
3/9/2026,16:19:10:.975,0.975,371,621,877,28,622
3/9/2026,16:19:11:.089,0.089,378,634,912,28,621
3/9/2026,16:19:11:.207,0.207,415,636,943,28,621
3/9/2026,16:19:11:.346,0.346,399,639,934,28,621
3/9/2026,16:19:11:.459,0.459,404,672,939,28,621
3/9/2026,16:19:11:.579,0.579,421,672,956,28,621
3/9/2026,16:19:11:.698,0.698,412,684,971,28,620
3/9/2026,16:19:11:.838,0.838,412,675,971,28,620
3/9/2026,16:19:11:.954,0.954,416,694,1007,28,620
3/9/2026,16:19:12:.107,0.107,442,694,1011,28,620
3/9/2026,16:19:12:.225,0.225,442,698,1011,28,620
3/9/2026,16:19:12:.418,0.418,443,698,1024,28,620
3/9/2026,16:19:12:.550,0.55,434,717,1030,28,620
3/9/2026,16:19:12:.665,0.665,434,717,1030,28,620
3/9/2026,16:19:12:.781,0.781,445,721,1051,28,619
3/9/2026,16:19:12:.899,0.899,434,721,1044,28,619
3/9/2026,16:19:13:.058,0.058,459,735,1046,28,619
3/9/2026,16:19:13:.172,0.172,463,728,1050,28,619
3/9/2026,16:19:13:.338,0.338,463,722,1050,28,619
3/9/2026,16:19:13:.522,0.522,429,725,1057,28,619
3/9/2026,16:19:13:.681,0.681,440,731,1069,28,619
3/9/2026,16:19:13:.797,0.797,454,731,1081,28,619
3/9/2026,16:19:13:.913,0.913,454,718,1081,28,620
3/9/2026,16:19:14:.036,0.036,439,718,1026,28,620
3/9/2026,16:19:14:.180,0.18,439,718,1026,28,620
3/9/2026,16:19:14:.296,0.296,433,716,1032,28,620
3/9/2026,16:19:14:.461,0.461,447,714,1039,28,620
3/9/2026,16:19:14:.618,0.618,429,714,1007,28,620
3/9/2026,16:19:14:.734,0.734,429,717,1007,28,620
3/9/2026,16:19:14:.848,0.848,441,717,1028,28,620
3/9/2026,16:19:14:.967,0.967,441,712,1028,28,620
3/9/2026,16:19:15:.132,0.132,445,712,1031,28,620
3/9/2026,16:19:15:.246,0.246,440,709,1023,28,620
3/9/2026,16:19:15:.416,0.416,440,711,1023,28,620
3/9/2026,16:19:15:.576,0.576,451,713,1061,28,620
3/9/2026,16:19:15:.692,0.692,431,705,1024,28,620
3/9/2026,16:19:15:.808,0.808,431,722,1024,28,620
3/9/2026,16:19:15:.966,0.966,428,722,1037,28,620
3/9/2026,16:19:16:.079,0.079,429,712,1028,28,620
3/9/2026,16:19:16:.195,0.195,429,713,1028,28,620
3/9/2026,16:19:16:.335,0.335,434,713,1029,28,620
3/9/2026,16:19:16:.448,0.448,443,715,1053,28,620
3/9/2026,16:19:16:.561,0.561,443,703,1053,28,620
3/9/2026,16:19:16:.678,0.678,445,706,1042,28,620
3/9/2026,16:19:16:.922,0.922,427,711,1002,28,620
3/9/2026,16:19:17:.036,0.036,444,718,1034,28,620
3/9/2026,16:19:17:.186,0.186,444,713,1034,28,620
3/9/2026,16:19:17:.301,0.301,444,718,1037,28,620
3/9/2026,16:19:17:.422,0.422,444,701,1037,28,620
3/9/2026,16:19:17:.536,0.536,426,701,1031,28,620
3/9/2026,16:19:17:.648,0.648,426,705,1031,28,620
3/9/2026,16:19:17:.771,0.771,430,705,1000,28,620
3/9/2026,16:19:17:.888,0.888,430,699,1000,28,620
3/9/2026,16:19:18:.002,0.002,421,702,1014,28,620
3/9/2026,16:19:18:.117,0.117,437,702,1012,28,620
3/9/2026,16:19:18:.232,0.232,440,702,1000,28,620
3/9/2026,16:19:18:.350,0.35,440,710,1000,28,620
3/9/2026,16:19:18:.464,0.464,424,710,1014,28,620
3/9/2026,16:19:18:.578,0.578,424,708,1014,28,620
3/9/2026,16:19:18:.693,0.693,433,708,1033,28,620
3/9/2026,16:19:18:.808,0.808,433,715,1033,28,620
3/9/2026,16:19:18:.924,0.924,451,715,1034,28,620
3/9/2026,16:19:19:.039,0.039,451,707,1034,28,620
3/9/2026,16:19:19:.163,0.163,423,707,1014,28,620
3/9/2026,16:19:19:.276,0.276,423,712,1014,28,620
3/9/2026,16:19:19:.412,0.412,455,712,1072,28,620
3/9/2026,16:19:19:.545,0.545,446,711,1057,28,620
3/9/2026,16:19:19:.659,0.659,424,712,1033,28,620
3/9/2026,16:19:19:.837,0.837,456,712,1037,28,620
3/9/2026,16:19:19:.950,0.95,451,717,1042,28,620
3/9/2026,16:19:20:.114,0.114,443,707,1064,28,620
3/9/2026,16:19:20:.291,0.291,433,707,1029,28,620
3/9/2026,16:19:20:.405,0.405,428,715,1034,28,620
3/9/2026,16:19:20:.526,0.526,428,712,1034,28,620
3/9/2026,16:19:20:.688,0.688,415,712,1008,28,620
3/9/2026,16:19:20:.805,0.805,454,716,1049,28,620
3/9/2026,16:19:20:.921,0.921,454,701,1049,28,620
3/9/2026,16:19:21:.060,0.06,432,701,1021,28,620
3/9/2026,16:19:21:.215,0.215,447,717,1036,28,620
3/9/2026,16:19:21:.375,0.375,448,713,1066,28,620
3/9/2026,16:19:21:.534,0.534,448,806,1066,28,620
3/9/2026,16:19:21:.651,0.651,532,879,1213,28,620
3/9/2026,16:19:21:.770,0.77,532,896,1213,28,620
3/9/2026,16:19:21:.887,0.887,578,896,1331,28,620
3/9/2026,16:19:22:.021,0.021,578,1000,1331,28,620
3/9/2026,16:19:22:.140,0.14,628,1100,1511,28,621
3/9/2026,16:19:22:.279,0.279,687,1100,1614,28,621
3/9/2026,16:19:22:.396,0.396,687,1157,1614,28,622
3/9/2026,16:19:22:.529,0.529,687,1157,1614,28,622
3/9/2026,16:19:22:.689,0.689,760,1221,1770,28,624
3/9/2026,16:19:22:.817,0.817,760,1278,1770,28,625
3/9/2026,16:19:22:.933,0.933,788,1278,1825,28,625
3/9/2026,16:19:23:.131,0.131,788,1299,1825,28,627
3/9/2026,16:19:23:.263,0.263,781,1321,1816,28,629
3/9/2026,16:19:23:.409,0.409,769,1321,1817,28,629
3/9/2026,16:19:23:.558,0.558,778,1326,1839,28,631
3/9/2026,16:19:23:.671,0.671,801,1325,1832,28,634
3/9/2026,16:19:23:.788,0.788,765,1333,1854,28,636
3/9/2026,16:19:23:.910,0.91,765,1336,1854,28,636
3/9/2026,16:19:24:.025,0.025,784,1336,1830,28,636
3/9/2026,16:19:24:.139,0.139,787,1323,1805,28,639
3/9/2026,16:19:24:.254,0.254,787,1315,1805,28,641
3/9/2026,16:19:24:.369,0.369,753,1315,1796,28,641
3/9/2026,16:19:24:.545,0.545,771,1299,1789,28,643
3/9/2026,16:19:24:.657,0.657,771,1293,1789,28,646
3/9/2026,16:19:24:.774,0.774,746,1293,1732,28,646
3/9/2026,16:19:24:.888,0.888,746,1283,1732,28,649
3/9/2026,16:19:25:.004,0.004,718,1283,1752,28,649
3/9/2026,16:19:25:.117,0.117,718,1281,1752,28,651
3/9/2026,16:19:25:.257,0.257,726,1281,1723,28,651
3/9/2026,16:19:25:.384,0.384,713,1279,1723,28,653
3/9/2026,16:19:25:.502,0.502,713,1273,1723,28,656
3/9/2026,16:19:25:.662,0.662,728,1273,1712,28,656
3/9/2026,16:19:25:.836,0.836,707,1275,1678,28,658
3/9/2026,16:19:25:.951,0.951,742,1274,1702,28,660
3/9/2026,16:19:26:.107,0.107,734,1274,1706,28,660
3/9/2026,16:19:26:.223,0.223,749,1277,1693,28,662
3/9/2026,16:19:26:.339,0.339,749,1245,1693,28,664
3/9/2026,16:19:26:.512,0.512,673,1245,1574,28,664
3/9/2026,16:19:26:.624,0.624,645,1141,1482,28,666
3/9/2026,16:19:26:.784,0.784,605,1057,1459,28,668
3/9/2026,16:19:26:.901,0.901,570,986,1320,28,669
3/9/2026,16:19:27:.016,0.016,570,945,1320,28,669
3/9/2026,16:19:27:.152,0.152,511,945,1229,28,669
3/9/2026,16:19:27:.269,0.269,486,881,1151,28,671
3/9/2026,16:19:27:.410,0.41,486,815,1151,28,672
3/9/2026,16:19:27:.527,0.527,463,815,1076,28,672
3/9/2026,16:19:27:.687,0.687,463,815,1076,28,672
3/9/2026,16:19:27:.804,0.804,427,739,1014,28,673
3/9/2026,16:19:27:.964,0.964,429,739,940,28,673
3/9/2026,16:19:28:.081,0.081,414,713,956,28,673
3/9/2026,16:19:28:.198,0.198,398,690,952,28,673
3/9/2026,16:19:28:.311,0.311,408,685,921,28,673
3/9/2026,16:19:28:.426,0.426,408,696,921,28,673
3/9/2026,16:19:28:.546,0.546,400,696,946,28,673
3/9/2026,16:19:28:.661,0.661,400,709,946,28,672
3/9/2026,16:19:28:.776,0.776,418,709,944,28,672
3/9/2026,16:19:28:.889,0.889,418,714,944,28,672
3/9/2026,16:19:29:.005,0.005,411,714,986,28,672
3/9/2026,16:19:29:.121,0.121,411,727,986,28,672
3/9/2026,16:19:29:.261,0.261,427,727,979,28,672
3/9/2026,16:19:29:.439,0.439,435,743,1014,28,671
3/9/2026,16:19:29:.560,0.56,435,766,1014,28,671
3/9/2026,16:19:29:.718,0.718,438,766,1030,28,671
3/9/2026,16:19:29:.837,0.837,456,786,1072,28,670
3/9/2026,16:19:29:.952,0.952,456,810,1072,28,670
3/9/2026,16:19:30:.082,0.082,474,810,1083,28,670
3/9/2026,16:19:30:.260,0.26,474,820,1083,28,670
3/9/2026,16:19:30:.420,0.42,473,841,1117,28,670
3/9/2026,16:19:30:.576,0.576,474,838,1115,28,669
3/9/2026,16:19:30:.689,0.689,477,840,1126,28,669
3/9/2026,16:19:30:.806,0.806,477,835,1126,28,669
3/9/2026,16:19:30:.927,0.927,502,835,1128,28,669
3/9/2026,16:19:31:.059,0.059,502,850,1128,28,669
3/9/2026,16:19:31:.176,0.176,485,844,1139,28,669
3/9/2026,16:19:31:.291,0.291,498,844,1152,28,669
3/9/2026,16:19:31:.475,0.475,498,846,1152,28,669
3/9/2026,16:19:31:.587,0.587,490,845,1142,28,669
3/9/2026,16:19:31:.703,0.703,502,845,1158,28,669
3/9/2026,16:19:31:.885,0.885,502,853,1158,28,669
3/9/2026,16:19:32:.003,0.003,492,843,1150,28,670
3/9/2026,16:19:32:.116,0.116,502,839,1121,28,670
3/9/2026,16:19:32:.284,0.284,502,833,1121,28,670
3/9/2026,16:19:32:.396,0.396,471,831,1132,28,670
3/9/2026,16:19:32:.579,0.579,492,835,1112,28,670
3/9/2026,16:19:32:.692,0.692,472,840,1116,28,670
3/9/2026,16:19:32:.810,0.81,472,833,1116,28,670
3/9/2026,16:19:32:.929,0.929,491,833,1095,28,670
3/9/2026,16:19:33:.120,0.12,491,824,1095,28,670
3/9/2026,16:19:33:.305,0.305,478,834,1116,28,670
3/9/2026,16:19:33:.522,0.522,465,828,1130,28,670
3/9/2026,16:19:33:.635,0.635,476,824,1114,28,670
3/9/2026,16:19:33:.753,0.753,462,830,1109,28,670
3/9/2026,16:19:33:.873,0.873,462,819,1109,28,670
3/9/2026,16:19:33:.986,0.986,482,819,1091,28,670
3/9/2026,16:19:34:.099,0.099,482,816,1091,28,670
3/9/2026,16:19:34:.265,0.265,465,816,1098,28,670
3/9/2026,16:19:34:.383,0.383,475,812,1102,28,670
3/9/2026,16:19:34:.543,0.543,475,812,1102,28,670
3/9/2026,16:19:34:.657,0.657,455,814,1079,28,670
3/9/2026,16:19:34:.823,0.823,482,816,1103,28,670
3/9/2026,16:19:34:.986,0.986,471,822,1108,28,670
3/9/2026,16:19:35:.101,0.101,473,818,1098,28,670
3/9/2026,16:19:35:.225,0.225,461,818,1108,28,670
3/9/2026,16:19:35:.345,0.345,461,817,1108,28,670
3/9/2026,16:19:35:.463,0.463,473,813,1097,28,670
3/9/2026,16:19:35:.597,0.597,464,813,1091,28,670
3/9/2026,16:19:35:.772,0.772,469,818,1116,28,670
3/9/2026,16:19:35:.886,0.886,485,818,1124,28,670
3/9/2026,16:19:36:.008,0.008,485,829,1124,28,670
3/9/2026,16:19:36:.181,0.181,481,829,1117,28,670
3/9/2026,16:19:36:.359,0.359,487,824,1103,28,670
3/9/2026,16:19:36:.473,0.473,464,819,1098,28,670
3/9/2026,16:19:36:.593,0.593,476,809,1111,28,670
3/9/2026,16:19:36:.704,0.704,467,809,1109,28,670
3/9/2026,16:19:36:.889,0.889,467,817,1109,28,670
3/9/2026,16:19:37:.025,0.025,474,823,1123,28,670
3/9/2026,16:19:37:.142,0.142,490,823,1108,28,670
3/9/2026,16:19:37:.256,0.256,490,819,1108,28,670
3/9/2026,16:19:37:.387,0.387,478,819,1111,28,670
3/9/2026,16:19:37:.502,0.502,489,817,1110,28,670
3/9/2026,16:19:37:.619,0.619,489,827,1110,28,670
3/9/2026,16:19:37:.734,0.734,476,827,1107,28,670
3/9/2026,16:19:37:.858,0.858,476,828,1107,28,670
3/9/2026,16:19:37:.977,0.977,461,828,1093,28,670
3/9/2026,16:19:38:.093,0.093,485,826,1116,28,670
3/9/2026,16:19:38:.287,0.287,485,826,1116,28,670
3/9/2026,16:19:38:.401,0.401,463,826,1093,28,670
3/9/2026,16:19:38:.601,0.601,463,825,1093,28,670
3/9/2026,16:19:38:.716,0.716,474,835,1127,28,670
3/9/2026,16:19:38:.832,0.832,474,835,1127,28,670
3/9/2026,16:19:38:.973,0.973,474,814,1127,28,670
3/9/2026,16:19:39:.130,0.13,474,824,1110,28,670
3/9/2026,16:19:39:.250,0.25,490,824,1097,28,670
3/9/2026,16:19:39:.388,0.388,490,820,1097,28,670
3/9/2026,16:19:39:.573,0.573,475,817,1103,28,670
3/9/2026,16:19:39:.688,0.688,461,817,1097,28,670
3/9/2026,16:19:39:.803,0.803,461,813,1097,28,670
3/9/2026,16:19:39:.920,0.92,469,813,1109,28,670
3/9/2026,16:19:40:.074,0.074,469,820,1109,28,670
3/9/2026,16:19:40:.187,0.187,486,812,1101,28,670
3/9/2026,16:19:40:.302,0.302,477,812,1108,28,670
3/9/2026,16:19:40:.416,0.416,477,828,1108,28,670
3/9/2026,16:19:40:.561,0.561,465,828,1106,28,670
3/9/2026,16:19:40:.739,0.739,475,826,1096,28,670
3/9/2026,16:19:40:.909,0.909,475,823,1096,28,670
3/9/2026,16:19:41:.027,0.027,458,821,1101,28,670
3/9/2026,16:19:41:.157,0.157,468,821,1101,28,670
3/9/2026,16:19:41:.276,0.276,468,826,1101,28,670
3/9/2026,16:19:41:.390,0.39,466,821,1092,28,670
3/9/2026,16:19:41:.552,0.552,465,814,1083,28,670
3/9/2026,16:19:41:.669,0.669,477,817,1109,28,670
3/9/2026,16:19:41:.790,0.79,462,817,1095,28,670
3/9/2026,16:19:41:.904,0.904,462,822,1095,28,670
3/9/2026,16:19:42:.021,0.021,459,822,1108,28,670
3/9/2026,16:19:42:.131,0.131,459,831,1108,28,670
3/9/2026,16:19:42:.247,0.247,462,831,1091,28,670
3/9/2026,16:19:42:.403,0.403,462,824,1091,28,670
3/9/2026,16:19:42:.527,0.527,460,823,1103,28,670
3/9/2026,16:19:42:.642,0.642,475,823,1106,28,670
3/9/2026,16:19:42:.833,0.833,475,823,1106,28,670
3/9/2026,16:19:42:.994,0.994,475,828,1106,28,670
3/9/2026,16:19:43:.105,0.105,475,820,1106,28,670
3/9/2026,16:19:43:.226,0.226,480,820,1100,28,670
3/9/2026,16:19:43:.341,0.341,480,823,1100,28,670
3/9/2026,16:19:43:.456,0.456,469,823,1111,28,670
3/9/2026,16:19:43:.614,0.614,469,822,1111,28,670
3/9/2026,16:19:43:.745,0.745,459,825,1103,28,670
3/9/2026,16:19:43:.857,0.857,464,821,1111,28,670
3/9/2026,16:19:44:.002,0.002,464,821,1111,28,670
3/9/2026,16:19:44:.118,0.118,484,826,1094,28,670
3/9/2026,16:19:44:.230,0.23,465,826,1107,28,670
3/9/2026,16:19:44:.343,0.343,465,819,1107,28,670
3/9/2026,16:19:44:.475,0.475,458,819,1094,28,670
3/9/2026,16:19:44:.627,0.627,482,827,1105,28,670
3/9/2026,16:19:44:.743,0.743,482,820,1105,28,670
3/9/2026,16:19:44:.901,0.901,455,808,1104,28,670
3/9/2026,16:19:45:.015,0.015,465,818,1104,28,670
3/9/2026,16:19:45:.208,0.208,480,820,1111,28,670
3/9/2026,16:19:45:.323,0.323,481,824,1129,28,670
3/9/2026,16:19:45:.487,0.487,481,824,1129,28,670
3/9/2026,16:19:45:.634,0.634,459,823,1118,28,670
3/9/2026,16:19:45:.836,0.836,483,816,1103,28,670
3/9/2026,16:19:45:.950,0.95,481,819,1092,28,670
3/9/2026,16:19:46:.116,0.116,457,816,1112,28,670
3/9/2026,16:19:46:.278,0.278,466,817,1117,28,670
3/9/2026,16:19:46:.393,0.393,479,817,1079,28,670
3/9/2026,16:19:46:.589,0.589,480,811,1104,28,670
3/9/2026,16:19:46:.705,0.705,462,808,1108,28,670
3/9/2026,16:19:46:.887,0.887,456,808,1100,28,670
3/9/2026,16:19:47:.048,0.048,466,813,1107,28,670
3/9/2026,16:19:47:.233,0.233,474,813,1110,28,670
3/9/2026,16:19:47:.384,0.384,468,797,1135,28,670
3/9/2026,16:19:47:.500,0.5,468,822,1135,28,670
3/9/2026,16:19:47:.639,0.639,483,822,1112,28,670
3/9/2026,16:19:47:.752,0.752,462,805,1103,28,670
3/9/2026,16:19:47:.910,0.91,462,820,1103,28,670
3/9/2026,16:19:48:.074,0.074,459,820,1090,28,670
3/9/2026,16:19:48:.190,0.19,459,810,1126,28,670
3/9/2026,16:19:48:.316,0.316,459,823,1126,28,670
3/9/2026,16:19:48:.476,0.476,464,823,1095,28,670
3/9/2026,16:19:48:.631,0.631,485,816,1094,28,670
3/9/2026,16:19:48:.782,0.782,470,816,1104,28,670
3/9/2026,16:19:48:.895,0.895,470,818,1104,28,670
3/9/2026,16:19:49:.013,0.013,464,818,1095,28,670
3/9/2026,16:19:49:.172,0.172,464,829,1095,28,670
3/9/2026,16:19:49:.336,0.336,478,822,1109,28,670
3/9/2026,16:19:49:.446,0.446,457,816,1109,28,670
3/9/2026,16:19:49:.556,0.556,457,816,1109,28,670
3/9/2026,16:19:49:.699,0.699,457,816,1109,28,670
3/9/2026,16:19:49:.838,0.838,463,827,1091,28,670
3/9/2026,16:19:49:.978,0.978,463,823,1091,28,670
3/9/2026,16:19:50:.117,0.117,463,823,1091,28,670
3/9/2026,16:19:50:.268,0.268,459,810,1103,28,670
3/9/2026,16:19:50:.406,0.406,459,817,1103,28,670
3/9/2026,16:19:50:.548,0.548,459,817,1103,28,670
3/9/2026,16:19:50:.679,0.679,469,820,1111,28,670
3/9/2026,16:19:50:.795,0.795,466,804,1086,28,670
3/9/2026,16:19:50:.915,0.915,448,811,1087,28,670
3/9/2026,16:19:51:.056,0.056,448,807,1087,28,670
3/9/2026,16:19:51:.192,0.192,476,809,1099,28,670
3/9/2026,16:19:51:.319,0.319,475,809,1075,28,670
3/9/2026,16:19:51:.445,0.445,475,809,1075,28,670
3/9/2026,16:19:51:.572,0.572,475,809,1075,28,670
3/9/2026,16:19:51:.708,0.708,487,814,1091,28,670
3/9/2026,16:19:51:.835,0.835,487,817,1091,28,670
3/9/2026,16:19:51:.961,0.961,487,817,1091,28,670
3/9/2026,16:19:52:.089,0.089,487,820,1091,28,670
3/9/2026,16:19:52:.213,0.213,460,810,1095,28,670
3/9/2026,16:19:52:.340,0.34,464,810,1076,28,670
3/9/2026,16:19:52:.464,0.464,460,811,1096,28,670
3/9/2026,16:19:52:.591,0.591,471,811,1099,28,670
3/9/2026,16:19:52:.719,0.719,471,809,1099,28,670
3/9/2026,16:19:52:.837,0.837,454,810,1079,28,670
3/9/2026,16:19:52:.994,0.994,477,810,1081,28,670
3/9/2026,16:19:53:.107,0.107,476,821,1084,28,670
3/9/2026,16:19:53:.223,0.223,481,813,1113,28,670
3/9/2026,16:19:53:.355,0.355,460,808,1083,28,670
3/9/2026,16:19:53:.514,0.514,468,806,1107,28,670
3/9/2026,16:19:53:.671,0.671,468,812,1107,28,670
3/9/2026,16:19:53:.839,0.839,473,812,1109,28,670
3/9/2026,16:19:53:.955,0.955,481,809,1114,28,670
3/9/2026,16:19:54:.115,0.115,481,811,1114,28,670
3/9/2026,16:19:54:.272,0.272,467,811,1106,28,670
3/9/2026,16:19:54:.458,0.458,456,820,1093,28,670
3/9/2026,16:19:54:.639,0.639,471,814,1091,28,670
3/9/2026,16:19:54:.820,0.82,480,817,1109,28,670
3/9/2026,16:19:54:.987,0.987,458,816,1085,28,670
3/9/2026,16:19:55:.144,0.144,469,822,1095,28,670
3/9/2026,16:19:55:.292,0.292,469,822,1095,28,670
3/9/2026,16:19:55:.444,0.444,467,822,1095,28,670
3/9/2026,16:19:55:.574,0.574,488,813,1077,28,670
3/9/2026,16:19:55:.711,0.711,488,819,1077,28,670
3/9/2026,16:19:55:.832,0.832,488,819,1077,28,670
3/9/2026,16:19:55:.952,0.952,488,810,1077,28,670
3/9/2026,16:19:56:.100,0.1,457,810,1071,28,670
3/9/2026,16:19:56:.214,0.214,459,815,1125,28,670
3/9/2026,16:19:56:.332,0.332,459,821,1125,28,670
3/9/2026,16:19:56:.450,0.45,482,821,1096,28,670
3/9/2026,16:19:56:.569,0.569,482,813,1096,28,670
3/9/2026,16:19:56:.682,0.682,461,813,1081,28,670
3/9/2026,16:19:56:.799,0.799,461,812,1081,28,670
3/9/2026,16:19:56:.911,0.911,475,812,1083,28,670
3/9/2026,16:19:57:.024,0.024,475,805,1083,28,670
3/9/2026,16:19:57:.137,0.137,457,805,1063,28,670
3/9/2026,16:19:57:.253,0.253,457,809,1063,28,670
3/9/2026,16:20:12:.924,0.924,470,809,1109,28,670
3/9/2026,16:20:13:.175,0.175,461,813,1087,28,670
3/9/2026,16:20:13:.357,0.357,461,792,1087,28,670
3/9/2026,16:20:13:.541,0.541,456,802,1085,28,670
3/9/2026,16:20:13:.738,0.738,478,805,1125,28,670
3/9/2026,16:20:13:.936,0.936,478,802,1125,28,670
3/9/2026,16:20:14:.153,0.153,478,796,1125,28,670
3/9/2026,16:20:14:.384,0.384,478,813,1125,28,670
3/9/2026,16:20:14:.628,0.628,452,807,1088,28,670
3/9/2026,16:20:14:.831,0.831,464,812,1102,28,670
3/9/2026,16:20:15:.035,0.035,458,811,1087,28,670
3/9/2026,16:20:15:.318,0.318,460,816,1070,28,670
3/9/2026,16:20:15:.527,0.527,468,811,1093,28,670
3/9/2026,16:20:15:.742,0.742,467,802,1083,28,670
3/9/2026,16:20:15:.982,0.982,469,806,1088,28,670
3/9/2026,16:20:16:.169,0.169,472,814,1087,28,670
3/9/2026,16:20:16:.362,0.362,454,814,1058,28,670
3/9/2026,16:20:16:.538,0.538,484,812,1096,28,670
3/9/2026,16:20:16:.704,0.704,450,813,1104,28,670
3/9/2026,16:20:16:.874,0.874,458,803,1089,28,670
3/9/2026,16:20:17:.051,0.051,458,812,1089,28,670
3/9/2026,16:20:17:.210,0.21,477,815,1104,28,670
3/9/2026,16:20:17:.376,0.376,477,809,1104,28,670
3/9/2026,16:20:17:.553,0.553,481,809,1095,28,670
3/9/2026,16:20:17:.680,0.68,459,805,1096,28,670
3/9/2026,16:20:17:.822,0.822,459,802,1096,28,670
3/9/2026,16:20:17:.945,0.945,479,812,1092,28,670
3/9/2026,16:20:18:.079,0.079,463,812,1083,28,670
3/9/2026,16:20:18:.205,0.205,462,804,1093,28,670
3/9/2026,16:20:18:.327,0.327,462,808,1093,28,670
3/9/2026,16:20:18:.440,0.44,462,808,1093,28,670
3/9/2026,16:20:18:.565,0.565,454,808,1077,28,670
3/9/2026,16:20:18:.973,0.973,454,803,1077,28,670
3/9/2026,16:20:19:.243,0.243,455,808,1101,28,670
3/9/2026,16:20:19:.492,0.492,473,816,1096,28,670
3/9/2026,16:20:19:.704,0.704,456,796,1089,28,670
3/9/2026,16:20:19:.945,0.945,454,807,1078,28,670
3/9/2026,16:20:20:.177,0.177,467,803,1092,28,670
3/9/2026,16:20:20:.419,0.419,482,804,1089,28,670
3/9/2026,16:20:20:.603,0.603,469,803,1096,28,670
3/9/2026,16:20:20:.728,0.728,469,807,1096,28,670
3/9/2026,16:20:20:.841,0.841,462,807,1086,28,670
3/9/2026,16:20:20:.960,0.96,470,810,1080,28,670
3/9/2026,16:20:21:.098,0.098,470,812,1080,28,670
3/9/2026,16:20:21:.248,0.248,472,812,1096,28,670
3/9/2026,16:20:21:.367,0.367,472,809,1096,28,670
3/9/2026,16:20:21:.486,0.486,472,809,1096,28,670
3/9/2026,16:20:21:.611,0.611,472,798,1096,28,670
3/9/2026,16:20:21:.749,0.749,472,798,1082,28,670
3/9/2026,16:20:21:.870,0.87,468,808,1096,28,670
3/9/2026,16:20:21:.986,0.986,468,807,1096,28,670
3/9/2026,16:20:22:.109,0.109,456,807,1088,28,670
3/9/2026,16:20:22:.322,0.322,456,812,1088,28,670
3/9/2026,16:20:22:.451,0.451,462,796,1068,28,670
3/9/2026,16:20:22:.564,0.564,448,796,1081,28,670
3/9/2026,16:20:22:.681,0.681,466,807,1106,28,670
3/9/2026,16:20:22:.832,0.832,466,807,1106,28,670
3/9/2026,16:20:22:.951,0.951,479,814,1105,28,670
3/9/2026,16:20:23:.067,0.067,479,814,1105,28,670
3/9/2026,16:20:23:.224,0.224,459,814,1087,28,670
3/9/2026,16:20:23:.341,0.341,455,813,1069,28,670
3/9/2026,16:20:23:.484,0.484,455,803,1069,28,670
3/9/2026,16:20:23:.612,0.612,467,800,1092,28,670
3/9/2026,16:20:23:.725,0.725,466,800,1088,28,670
3/9/2026,16:20:23:.840,0.84,475,804,1104,28,670
3/9/2026,16:20:23:.971,0.971,476,801,1097,28,670
3/9/2026,16:20:24:.129,0.129,457,799,1076,28,670
3/9/2026,16:20:24:.266,0.266,459,812,1058,28,670
3/9/2026,16:20:24:.393,0.393,472,812,1087,28,670
3/9/2026,16:20:24:.509,0.509,472,810,1087,28,670
3/9/2026,16:20:24:.627,0.627,470,810,1104,28,670
3/9/2026,16:20:24:.779,0.779,475,810,1085,28,670
3/9/2026,16:20:24:.935,0.935,450,805,1071,28,670
3/9/2026,16:20:25:.052,0.052,466,805,1085,28,670
3/9/2026,16:20:25:.169,0.169,466,808,1085,28,670
3/9/2026,16:20:25:.313,0.313,455,808,1091,28,670
3/9/2026,16:20:25:.431,0.431,455,807,1068,28,670
3/9/2026,16:20:25:.566,0.566,455,812,1068,28,670
3/9/2026,16:20:25:.736,0.736,472,810,1079,28,670
3/9/2026,16:20:25:.849,0.849,453,810,1084,28,670
3/9/2026,16:20:26:.021,0.021,453,805,1084,28,670
3/9/2026,16:20:26:.166,0.166,463,804,1089,28,670
3/9/2026,16:20:26:.281,0.281,478,812,1083,28,670
3/9/2026,16:20:26:.429,0.429,478,811,1083,28,670
3/9/2026,16:20:26:.557,0.557,458,805,1091,28,670
3/9/2026,16:20:26:.669,0.669,452,805,1095,28,670
3/9/2026,16:20:26:.789,0.789,452,805,1095,28,670
3/9/2026,16:20:26:.904,0.904,452,805,1095,28,670
3/9/2026,16:20:27:.041,0.041,452,808,1095,28,670
3/9/2026,16:20:27:.175,0.175,464,809,1100,28,670
3/9/2026,16:20:27:.334,0.334,473,809,1077,28,670
3/9/2026,16:20:27:.449,0.449,460,814,1106,28,670
3/9/2026,16:20:27:.630,0.63,471,807,1076,28,670
3/9/2026,16:20:27:.745,0.745,471,818,1104,28,670
3/9/2026,16:20:27:.859,0.859,467,815,1087,28,670
3/9/2026,16:20:28:.018,0.018,467,815,1087,28,670
3/9/2026,16:20:28:.136,0.136,479,804,1090,28,670
3/9/2026,16:20:28:.296,0.296,479,820,1090,28,670
3/9/2026,16:20:28:.439,0.439,468,816,1095,28,670
3/9/2026,16:20:28:.557,0.557,447,801,1088,28,670
3/9/2026,16:20:28:.675,0.675,447,815,1088,28,670
3/9/2026,16:20:28:.793,0.793,471,815,1077,28,670
3/9/2026,16:20:29:.005,0.005,475,816,1092,28,670
3/9/2026,16:20:29:.125,0.125,475,809,1092,28,670
3/9/2026,16:20:29:.239,0.239,455,813,1093,28,670
3/9/2026,16:20:29:.358,0.358,462,813,1094,28,670
3/9/2026,16:20:29:.479,0.479,462,812,1094,28,670
3/9/2026,16:20:29:.595,0.595,477,812,1103,28,670
3/9/2026,16:20:29:.727,0.727,477,806,1103,28,670
3/9/2026,16:20:29:.865,0.865,461,806,1090,28,670
3/9/2026,16:20:29:.980,0.98,477,807,1095,28,670
3/9/2026,16:20:30:.100,0.1,477,802,1095,28,670
3/9/2026,16:20:30:.240,0.24,458,802,1071,28,670
3/9/2026,16:20:30:.373,0.373,476,799,1083,28,670
3/9/2026,16:20:30:.495,0.495,476,819,1083,28,670
3/9/2026,16:20:30:.637,0.637,460,819,1071,28,670
3/9/2026,16:20:30:.784,0.784,462,817,1089,28,670
3/9/2026,16:20:30:.909,0.909,464,809,1077,28,670
3/9/2026,16:20:31:.034,0.034,454,809,1099,28,670
3/9/2026,16:20:31:.159,0.159,454,810,1099,28,670
3/9/2026,16:20:31:.274,0.274,459,813,1058,28,670
3/9/2026,16:20:31:.413,0.413,453,807,1093,28,670
3/9/2026,16:20:31:.530,0.53,485,808,1091,28,670
3/9/2026,16:20:31:.696,0.696,459,808,1075,28,670
3/9/2026,16:20:31:.844,0.844,470,807,1083,28,670
3/9/2026,16:20:31:.981,0.981,470,804,1083,28,670
3/9/2026,16:20:32:.091,0.091,481,804,1062,28,670
3/9/2026,16:20:32:.260,0.26,476,805,1082,28,670
3/9/2026,16:20:32:.376,0.376,476,803,1082,28,670
3/9/2026,16:20:32:.493,0.493,449,803,1077,28,670
3/9/2026,16:20:32:.656,0.656,449,808,1077,28,670
3/9/2026,16:20:32:.805,0.805,467,810,1094,28,670
3/9/2026,16:20:32:.926,0.926,480,810,1107,28,670
3/9/2026,16:20:33:.116,0.116,456,805,1079,28,670
3/9/2026,16:20:33:.276,0.276,473,814,1096,28,670
3/9/2026,16:20:33:.448,0.448,473,805,1096,28,670
3/9/2026,16:20:33:.563,0.563,456,805,1075,28,670
3/9/2026,16:20:33:.696,0.696,456,804,1075,28,670
3/9/2026,16:20:33:.809,0.809,438,809,1074,28,670
3/9/2026,16:20:33:.942,0.942,475,809,1108,28,670
3/9/2026,16:20:34:.059,0.059,475,822,1108,28,670
3/9/2026,16:20:34:.177,0.177,475,822,1108,28,670
3/9/2026,16:20:34:.291,0.291,475,822,1108,28,670
3/9/2026,16:20:34:.405,0.405,477,822,1091,28,670
3/9/2026,16:20:34:.517,0.517,477,809,1091,28,670
3/9/2026,16:20:34:.639,0.639,466,809,1095,28,670
3/9/2026,16:20:34:.755,0.755,466,804,1095,28,670
3/9/2026,16:20:34:.869,0.869,453,804,1096,28,670
3/9/2026,16:20:35:.021,0.021,453,806,1096,28,670
3/9/2026,16:20:35:.135,0.135,473,806,1088,28,670
3/9/2026,16:20:35:.263,0.263,454,806,1092,28,670
3/9/2026,16:20:35:.377,0.377,454,807,1092,28,670
3/9/2026,16:20:35:.489,0.489,476,805,1098,28,670
3/9/2026,16:20:35:.605,0.605,478,805,1097,28,670
3/9/2026,16:20:35:.719,0.719,452,804,1087,28,670
3/9/2026,16:20:35:.835,0.835,452,807,1087,28,670
3/9/2026,16:20:35:.957,0.957,471,807,1107,28,670
3/9/2026,16:20:36:.079,0.079,471,810,1107,28,670
3/9/2026,16:20:36:.193,0.193,483,804,1072,28,670
3/9/2026,16:20:36:.307,0.307,455,804,1074,28,670
3/9/2026,16:20:36:.423,0.423,477,804,1099,28,670
3/9/2026,16:20:36:.550,0.55,477,811,1099,28,670
3/9/2026,16:20:36:.665,0.665,475,811,1094,28,670
3/9/2026,16:20:36:.791,0.791,452,804,1075,28,670
3/9/2026,16:20:36:.908,0.908,452,807,1075,28,670
3/9/2026,16:20:37:.022,0.022,451,807,1078,28,670
3/9/2026,16:20:37:.135,0.135,451,800,1078,28,670
3/9/2026,16:20:37:.300,0.3,451,800,1061,28,670
3/9/2026,16:20:37:.417,0.417,456,800,1076,28,670
3/9/2026,16:20:37:.584,0.584,456,802,1076,28,670
3/9/2026,16:20:37:.727,0.727,472,796,1078,28,670
3/9/2026,16:20:37:.892,0.892,460,803,1089,28,670
3/9/2026,16:20:38:.084,0.084,456,803,1089,28,670
3/9/2026,16:20:38:.288,0.288,469,789,1105,28,670
3/9/2026,16:20:38:.404,0.404,476,802,1094,28,670
3/9/2026,16:20:38:.521,0.521,476,820,1094,28,670
3/9/2026,16:20:38:.635,0.635,456,820,1109,28,670
3/9/2026,16:20:38:.780,0.78,456,812,1109,28,670
3/9/2026,16:20:38:.894,0.894,465,808,1084,28,670
3/9/2026,16:20:39:.010,0.01,474,808,1087,28,670
3/9/2026,16:20:39:.157,0.157,474,819,1087,28,670
3/9/2026,16:20:39:.331,0.331,461,806,1075,28,670
3/9/2026,16:20:39:.445,0.445,451,801,1070,28,670
3/9/2026,16:20:39:.565,0.565,451,810,1070,28,670
3/9/2026,16:20:39:.680,0.68,461,810,1075,28,670
3/9/2026,16:20:39:.805,0.805,461,800,1075,28,670
3/9/2026,16:20:39:.919,0.919,451,800,1088,28,670
3/9/2026,16:20:40:.047,0.047,473,811,1114,28,670
3/9/2026,16:20:40:.166,0.166,473,804,1114,28,670
3/9/2026,16:20:40:.280,0.28,476,804,1095,28,670
3/9/2026,16:20:40:.445,0.445,476,808,1095,28,670
3/9/2026,16:20:40:.561,0.561,455,798,1081,28,670
3/9/2026,16:20:40:.718,0.718,468,808,1077,28,670
3/9/2026,16:20:40:.844,0.844,477,808,1098,28,670
3/9/2026,16:20:40:.959,0.959,449,812,1078,28,670
3/9/2026,16:20:41:.087,0.087,460,803,1075,28,670
3/9/2026,16:20:41:.207,0.207,460,810,1075,28,670
3/9/2026,16:20:41:.386,0.386,479,810,1097,28,670
3/9/2026,16:20:41:.500,0.5,459,814,1067,28,670
3/9/2026,16:20:41:.660,0.66,459,814,1067,28,670
3/9/2026,16:20:41:.772,0.772,459,817,1067,28,670
3/9/2026,16:20:41:.935,0.935,468,817,1082,28,670
3/9/2026,16:20:42:.071,0.071,470,805,1088,28,670
3/9/2026,16:20:42:.211,0.211,460,807,1111,28,670
3/9/2026,16:20:42:.331,0.331,471,807,1119,28,670
3/9/2026,16:20:42:.494,0.494,471,807,1119,28,670
3/9/2026,16:20:42:.627,0.627,469,800,1102,28,670
3/9/2026,16:20:42:.799,0.799,470,800,1089,28,670
3/9/2026,16:20:42:.914,0.914,466,800,1088,28,670
3/9/2026,16:20:43:.028,0.028,466,806,1088,28,670
3/9/2026,16:20:43:.143,0.143,457,806,1083,28,670
3/9/2026,16:20:43:.256,0.256,457,804,1083,28,670
3/9/2026,16:20:43:.370,0.37,457,804,1086,28,670
3/9/2026,16:20:43:.485,0.485,457,810,1086,28,670
3/9/2026,16:20:43:.773,0.773,454,810,1064,28,670
3/9/2026,16:20:43:.891,0.891,458,817,1093,28,670
3/9/2026,16:20:44:.007,0.007,458,817,1093,28,670
3/9/2026,16:20:44:.120,0.12,458,815,1093,28,670
3/9/2026,16:20:44:.236,0.236,463,815,1088,28,670
3/9/2026,16:20:44:.353,0.353,463,801,1088,28,670
3/9/2026,16:20:44:.471,0.471,456,801,1077,28,670
3/9/2026,16:20:44:.585,0.585,456,811,1077,28,670
3/9/2026,16:20:44:.699,0.699,460,811,1111,28,670
3/9/2026,16:20:44:.855,0.855,460,811,1111,28,670
3/9/2026,16:20:44:.978,0.978,478,806,1098,28,670
3/9/2026,16:20:45:.251,0.251,470,806,1090,28,670
3/9/2026,16:20:45:.372,0.372,455,806,1087,28,670
3/9/2026,16:20:45:.487,0.487,457,806,1069,28,670
3/9/2026,16:20:45:.602,0.602,457,801,1069,28,670
3/9/2026,16:20:45:.730,0.73,474,801,1090,28,670
3/9/2026,16:20:45:.916,0.916,474,796,1090,28,670
3/9/2026,16:20:46:.031,0.031,456,804,1066,28,670
3/9/2026,16:20:46:.142,0.142,477,804,1068,28,670
3/9/2026,16:20:46:.281,0.281,477,800,1068,28,670
3/9/2026,16:20:46:.402,0.402,468,801,1092,28,670
3/9/2026,16:20:46:.614,0.614,475,801,1092,28,670
3/9/2026,16:20:46:.728,0.728,463,801,1091,28,670
3/9/2026,16:20:46:.859,0.859,463,811,1091,28,670
3/9/2026,16:20:47:.019,0.019,448,811,1086,28,670
3/9/2026,16:20:47:.231,0.231,467,809,1087,28,670
3/9/2026,16:20:47:.355,0.355,451,800,1081,28,670
3/9/2026,16:20:47:.513,0.513,451,799,1081,28,670
3/9/2026,16:20:47:.686,0.686,459,803,1095,28,670
3/9/2026,16:20:47:.828,0.828,460,807,1090,28,670
3/9/2026,16:20:47:.984,0.984,460,812,1076,28,670
3/9/2026,16:20:48:.102,0.102,465,806,1103,28,670
3/9/2026,16:20:48:.217,0.217,480,806,1080,28,670
3/9/2026,16:20:48:.330,0.33,480,815,1080,28,670
3/9/2026,16:20:48:.449,0.449,478,815,1105,28,670
3/9/2026,16:20:48:.568,0.568,478,816,1105,28,670
3/9/2026,16:20:48:.689,0.689,476,816,1074,28,670
3/9/2026,16:20:48:.811,0.811,476,811,1074,28,670
3/9/2026,16:20:48:.929,0.929,465,811,1103,28,670
3/9/2026,16:20:49:.046,0.046,475,814,1099,28,670
3/9/2026,16:20:49:.160,0.16,475,806,1099,28,670
3/9/2026,16:20:49:.280,0.28,475,796,1099,28,670
3/9/2026,16:20:49:.397,0.397,467,796,1075,28,670
3/9/2026,16:20:49:.531,0.531,467,805,1075,28,670
3/9/2026,16:20:49:.669,0.669,476,811,1098,28,670
3/9/2026,16:20:49:.903,0.903,476,811,1098,28,670
3/9/2026,16:20:50:.028,0.028,481,811,1084,28,670
3/9/2026,16:20:50:.142,0.142,481,811,1084,28,670
3/9/2026,16:20:50:.258,0.258,467,811,1086,28,670
3/9/2026,16:20:50:.375,0.375,454,811,1081,28,670
3/9/2026,16:20:50:.490,0.49,484,811,1120,28,670
3/9/2026,16:20:50:.605,0.605,484,821,1120,28,670
3/9/2026,16:20:50:.751,0.751,470,799,1087,28,670
3/9/2026,16:20:50:.880,0.88,457,799,1089,28,670
3/9/2026,16:20:50:.993,0.993,457,812,1089,28,670
3/9/2026,16:20:51:.105,0.105,465,802,1082,28,670
3/9/2026,16:20:51:.222,0.222,476,802,1087,28,670
3/9/2026,16:20:51:.334,0.334,476,802,1087,28,670
3/9/2026,16:20:51:.455,0.455,476,796,1087,28,670
3/9/2026,16:20:51:.566,0.566,467,796,1118,28,670
3/9/2026,16:20:51:.681,0.681,467,807,1118,28,670
3/9/2026,16:20:51:.811,0.811,471,807,1090,28,670
3/9/2026,16:20:51:.927,0.927,471,798,1090,28,670
3/9/2026,16:20:52:.042,0.042,457,794,1072,28,670
3/9/2026,16:20:52:.182,0.182,451,794,1075,28,670
3/9/2026,16:20:52:.294,0.294,455,806,1062,28,670
3/9/2026,16:20:52:.413,0.413,455,795,1062,28,670
3/9/2026,16:20:52:.528,0.528,455,795,1062,28,670
3/9/2026,16:20:52:.660,0.66,480,795,1095,28,670
3/9/2026,16:20:52:.786,0.786,461,812,1085,28,670
3/9/2026,16:20:52:.916,0.916,461,806,1085,28,670
3/9/2026,16:20:53:.036,0.036,480,806,1074,28,670
3/9/2026,16:20:53:.151,0.151,480,806,1074,28,670
3/9/2026,16:20:53:.273,0.273,480,806,1074,28,670
3/9/2026,16:20:53:.391,0.391,480,802,1074,28,670
3/9/2026,16:20:53:.508,0.508,454,802,1083,28,670
3/9/2026,16:20:53:.622,0.622,454,819,1083,28,670
3/9/2026,16:20:53:.737,0.737,477,819,1095,28,670
3/9/2026,16:20:53:.853,0.853,477,805,1095,28,670
3/9/2026,16:20:53:.968,0.968,453,805,1076,28,670
3/9/2026,16:20:54:.102,0.102,453,806,1076,28,670
3/9/2026,16:20:54:.241,0.241,462,811,1109,28,670
3/9/2026,16:20:54:.361,0.361,476,811,1112,28,670
3/9/2026,16:20:54:.500,0.5,476,811,1112,28,670
3/9/2026,16:20:54:.621,0.621,476,811,1112,28,670
3/9/2026,16:20:54:.757,0.757,473,811,1089,28,670
3/9/2026,16:20:54:.887,0.887,473,811,1089,28,670
3/9/2026,16:20:55:.003,0.003,473,811,1089,28,670
3/9/2026,16:20:55:.124,0.124,473,805,1089,28,670
3/9/2026,16:20:55:.238,0.238,478,805,1080,28,670
3/9/2026,16:20:55:.353,0.353,461,805,1062,28,670
3/9/2026,16:20:55:.466,0.466,461,804,1062,28,670
3/9/2026,16:20:55:.587,0.587,454,808,1080,28,670
3/9/2026,16:20:55:.720,0.72,473,808,1093,28,670
3/9/2026,16:20:55:.833,0.833,464,803,1085,28,670
3/9/2026,16:20:55:.950,0.95,464,803,1085,28,670
3/9/2026,16:20:56:.115,0.115,452,803,1073,28,670
3/9/2026,16:20:56:.230,0.23,474,809,1105,28,670
3/9/2026,16:20:56:.351,0.351,454,810,1099,28,670
3/9/2026,16:20:56:.469,0.469,439,805,1063,28,670
3/9/2026,16:20:56:.591,0.591,479,816,1092,28,670
3/9/2026,16:20:56:.703,0.703,464,816,1094,28,670
3/9/2026,16:20:56:.817,0.817,464,813,1094,28,670
3/9/2026,16:20:56:.932,0.932,455,813,1101,28,670
3/9/2026,16:20:57:.064,0.064,455,800,1101,28,670
3/9/2026,16:20:57:.184,0.184,459,805,1098,28,670
3/9/2026,16:20:57:.307,0.307,475,805,1089,28,670
3/9/2026,16:20:57:.431,0.431,475,803,1089,28,670
3/9/2026,16:20:57:.567,0.567,475,803,1089,28,670
3/9/2026,16:20:57:.722,0.722,475,804,1089,28,670
3/9/2026,16:20:57:.839,0.839,447,807,1086,28,670
3/9/2026,16:20:57:.957,0.957,464,807,1069,28,670
3/9/2026,16:20:58:.072,0.072,464,807,1069,28,670
3/9/2026,16:20:58:.188,0.188,474,807,1104,28,670
3/9/2026,16:20:58:.311,0.311,474,808,1104,28,670
3/9/2026,16:20:58:.429,0.429,460,808,1070,28,670
3/9/2026,16:20:58:.585,0.585,470,807,1094,28,670
3/9/2026,16:20:58:.701,0.701,470,805,1094,28,670
3/9/2026,16:20:58:.819,0.819,448,805,1060,28,670
3/9/2026,16:20:58:.937,0.937,448,803,1060,28,670
3/9/2026,16:20:59:.054,0.054,471,803,1083,28,670
3/9/2026,16:20:59:.187,0.187,471,801,1083,28,670
3/9/2026,16:20:59:.312,0.312,462,801,1066,28,670
3/9/2026,16:20:59:.434,0.434,450,801,1074,28,670
3/9/2026,16:20:59:.549,0.549,450,804,1074,28,670
3/9/2026,16:20:59:.681,0.681,460,804,1080,28,670
3/9/2026,16:20:59:.798,0.798,460,802,1080,28,670
3/9/2026,16:20:59:.912,0.912,460,799,1080,28,670
3/9/2026,16:21:00:.056,0.056,466,803,1079,28,670
3/9/2026,16:21:00:.170,0.17,464,796,1064,28,670
3/9/2026,16:21:00:.313,0.313,447,796,1065,28,670
3/9/2026,16:21:00:.422,0.422,447,808,1065,28,670
3/9/2026,16:21:00:.539,0.539,455,801,1073,28,670
3/9/2026,16:21:00:.662,0.662,476,801,1082,28,670
3/9/2026,16:21:00:.775,0.775,476,801,1082,28,670
3/9/2026,16:21:00:.929,0.929,459,807,1108,28,670
3/9/2026,16:21:01:.042,0.042,459,804,1108,28,670
3/9/2026,16:21:01:.181,0.181,459,804,1108,28,670
3/9/2026,16:21:01:.295,0.295,467,805,1094,28,670
3/9/2026,16:21:01:.412,0.412,467,807,1094,28,670
3/9/2026,16:21:01:.528,0.528,478,799,1083,28,670
3/9/2026,16:21:01:.643,0.643,438,799,1082,28,670
3/9/2026,16:21:01:.777,0.777,438,814,1082,28,670
3/9/2026,16:21:01:.893,0.893,438,800,1082,28,670
3/9/2026,16:21:02:.022,0.022,438,800,1082,28,670
3/9/2026,16:21:02:.143,0.143,438,800,1082,28,670
3/9/2026,16:21:02:.302,0.302,438,800,1082,28,670
3/9/2026,16:21:02:.425,0.425,484,800,1090,28,670
3/9/2026,16:21:02:.542,0.542,484,803,1090,28,670
3/9/2026,16:21:02:.704,0.704,484,803,1090,28,670
3/9/2026,16:21:02:.906,0.906,455,803,1060,28,670
3/9/2026,16:21:03:.018,0.018,450,807,1066,28,670
3/9/2026,16:21:03:.173,0.173,450,809,1066,28,670
3/9/2026,16:21:03:.347,0.347,452,810,1094,28,670
3/9/2026,16:21:03:.481,0.481,464,806,1099,28,670
3/9/2026,16:21:03:.640,0.64,464,806,1099,28,670
3/9/2026,16:21:03:.821,0.821,451,802,1077,28,670
3/9/2026,16:21:03:.977,0.977,471,799,1089,28,670
3/9/2026,16:21:04:.111,0.111,465,802,1076,28,670
3/9/2026,16:21:04:.227,0.227,449,802,1067,28,670
3/9/2026,16:21:04:.368,0.368,454,802,1079,28,670
3/9/2026,16:21:04:.484,0.484,447,802,1065,28,670
3/9/2026,16:21:04:.616,0.616,447,802,1065,28,670
3/9/2026,16:21:04:.736,0.736,464,802,1081,28,670
3/9/2026,16:21:04:.916,0.916,464,802,1081,28,670
3/9/2026,16:21:05:.055,0.055,447,802,1082,28,670
3/9/2026,16:21:05:.170,0.17,447,802,1082,28,670
3/9/2026,16:21:05:.390,0.39,447,796,1082,28,670
3/9/2026,16:21:05:.508,0.508,463,796,1079,28,670
3/9/2026,16:21:05:.625,0.625,452,796,1077,28,670
3/9/2026,16:21:05:.748,0.748,452,801,1077,28,670
3/9/2026,16:21:05:.915,0.915,454,799,1079,28,670
3/9/2026,16:21:06:.040,0.04,451,799,1080,28,670
3/9/2026,16:21:06:.213,0.213,451,793,1080,28,670
3/9/2026,16:21:06:.328,0.328,453,801,1090,28,670
3/9/2026,16:21:06:.496,0.496,457,801,1078,28,670
3/9/2026,16:21:06:.621,0.621,469,798,1080,28,670
3/9/2026,16:21:06:.750,0.75,448,808,1076,28,670
3/9/2026,16:21:06:.873,0.873,448,808,1076,28,670
3/9/2026,16:21:06:.986,0.986,448,799,1076,28,670
3/9/2026,16:21:07:.143,0.143,458,801,1078,28,670
3/9/2026,16:21:07:.259,0.259,472,801,1107,28,670
3/9/2026,16:21:07:.443,0.443,472,799,1107,28,670
3/9/2026,16:21:07:.566,0.566,475,810,1121,28,670
3/9/2026,16:21:07:.690,0.69,485,810,1080,28,670
3/9/2026,16:21:07:.817,0.817,485,807,1080,28,670
3/9/2026,16:21:07:.937,0.937,465,807,1095,28,670
3/9/2026,16:21:08:.059,0.059,455,802,1100,28,670
3/9/2026,16:21:08:.223,0.223,451,805,1081,28,670
3/9/2026,16:21:08:.342,0.342,455,805,1096,28,670
3/9/2026,16:21:08:.517,0.517,453,802,1092,28,670
3/9/2026,16:21:08:.633,0.633,453,806,1092,28,670
3/9/2026,16:21:08:.752,0.752,453,806,1092,28,670
3/9/2026,16:21:08:.881,0.881,453,798,1092,28,670
3/9/2026,16:21:09:.002,0.002,449,798,1080,28,670
3/9/2026,16:21:09:.121,0.121,466,802,1096,28,670
3/9/2026,16:21:09:.249,0.249,466,800,1096,28,670
3/9/2026,16:21:09:.365,0.365,476,800,1078,28,670
3/9/2026,16:21:09:.477,0.477,451,806,1078,28,670
3/9/2026,16:21:09:.658,0.658,451,796,1078,28,670
3/9/2026,16:21:09:.783,0.783,451,799,1078,28,670
3/9/2026,16:21:09:.908,0.908,451,799,1078,28,670
3/9/2026,16:21:10:.089,0.089,450,799,1078,28,670
3/9/2026,16:21:10:.268,0.268,474,797,1079,28,670
3/9/2026,16:21:10:.393,0.393,453,794,1056,28,670
3/9/2026,16:21:10:.534,0.534,453,794,1056,28,670
3/9/2026,16:21:10:.650,0.65,453,797,1056,28,670
3/9/2026,16:21:10:.768,0.768,451,797,1064,28,670
3/9/2026,16:21:10:.891,0.891,451,790,1064,28,670
3/9/2026,16:21:11:.011,0.011,446,790,1082,28,670
3/9/2026,16:21:11:.138,0.138,447,792,1065,28,670
3/9/2026,16:21:11:.259,0.259,447,797,1065,28,670
3/9/2026,16:21:11:.370,0.37,457,796,1065,28,670
3/9/2026,16:21:11:.530,0.53,470,793,1066,28,670
3/9/2026,16:21:11:.641,0.641,466,799,1088,28,670
3/9/2026,16:21:11:.753,0.753,466,785,1088,28,670
3/9/2026,16:21:11:.867,0.867,477,785,1074,28,670
3/9/2026,16:21:12:.032,0.032,477,803,1074,28,670
3/9/2026,16:21:12:.145,0.145,451,807,1070,28,670
3/9/2026,16:21:12:.315,0.315,450,807,1080,28,670
3/9/2026,16:21:12:.432,0.432,456,811,1072,28,670
3/9/2026,16:21:12:.575,0.575,467,811,1093,28,670
3/9/2026,16:21:12:.743,0.743,482,810,1080,28,670
3/9/2026,16:21:12:.864,0.864,467,801,1089,28,670
3/9/2026,16:21:12:.978,0.978,467,797,1089,28,670
3/9/2026,16:21:13:.095,0.095,477,797,1079,28,670
3/9/2026,16:21:13:.213,0.213,477,807,1079,28,670
3/9/2026,16:21:13:.326,0.326,474,807,1097,28,670
3/9/2026,16:21:13:.498,0.498,474,802,1097,28,670
3/9/2026,16:21:13:.614,0.614,472,805,1087,28,670
3/9/2026,16:21:13:.776,0.776,472,805,1087,28,670
3/9/2026,16:21:13:.917,0.917,451,805,1065,28,670
3/9/2026,16:21:14:.036,0.036,451,805,1065,28,670
3/9/2026,16:21:14:.195,0.195,451,805,1065,28,670
3/9/2026,16:21:14:.338,0.338,447,798,1081,28,670
3/9/2026,16:21:14:.460,0.46,467,810,1097,28,670
3/9/2026,16:21:14:.580,0.58,468,809,1083,28,670
3/9/2026,16:21:14:.709,0.709,468,799,1083,28,670
3/9/2026,16:21:14:.841,0.841,457,799,1092,28,670
3/9/2026,16:21:14:.984,0.984,454,799,1089,28,670
3/9/2026,16:21:15:.129,0.129,448,806,1090,28,670
3/9/2026,16:21:15:.270,0.27,448,798,1090,28,670
3/9/2026,16:21:15:.404,0.404,457,798,1076,28,670
3/9/2026,16:21:15:.535,0.535,457,803,1076,28,670
3/9/2026,16:21:15:.660,0.66,452,803,1084,28,670
3/9/2026,16:21:15:.786,0.786,456,810,1093,28,670
3/9/2026,16:21:15:.944,0.944,456,813,1093,28,670
3/9/2026,16:21:16:.068,0.068,456,806,1093,28,670
3/9/2026,16:21:16:.227,0.227,455,806,1090,28,670
3/9/2026,16:21:16:.394,0.394,455,810,1090,28,670
3/9/2026,16:21:16:.537,0.537,456,806,1085,28,670
3/9/2026,16:21:16:.676,0.676,458,803,1090,28,670
3/9/2026,16:21:16:.797,0.797,450,803,1076,28,670
3/9/2026,16:21:16:.918,0.918,477,802,1086,28,670
3/9/2026,16:21:17:.031,0.031,457,802,1071,28,670
3/9/2026,16:21:17:.190,0.19,457,797,1071,28,670
3/9/2026,16:21:17:.308,0.308,449,800,1074,28,670
3/9/2026,16:21:17:.526,0.526,469,799,1094,28,670
3/9/2026,16:21:17:.637,0.637,476,805,1053,28,670
3/9/2026,16:21:17:.801,0.801,476,803,1053,28,670
3/9/2026,16:21:17:.918,0.918,464,804,1070,28,670
3/9/2026,16:21:18:.034,0.034,477,803,1074,28,670
3/9/2026,16:21:18:.148,0.148,477,797,1074,28,670
3/9/2026,16:21:18:.285,0.285,455,797,1070,28,670
3/9/2026,16:21:18:.416,0.416,471,786,1087,28,670
3/9/2026,16:21:18:.585,0.585,471,797,1087,28,670
3/9/2026,16:21:18:.730,0.73,456,781,1073,28,670
3/9/2026,16:21:18:.875,0.875,444,798,1061,28,670
3/9/2026,16:21:18:.997,0.997,458,797,1080,28,670
3/9/2026,16:21:19:.127,0.127,458,796,1080,28,670
3/9/2026,16:21:19:.267,0.267,458,797,1080,28,670
3/9/2026,16:21:19:.394,0.394,475,799,1088,28,670
3/9/2026,16:21:19:.561,0.561,473,799,1094,28,670
3/9/2026,16:21:19:.709,0.709,470,792,1069,28,670
3/9/2026,16:21:19:.871,0.871,458,803,1077,28,670
3/9/2026,16:21:20:.043,0.043,458,793,1077,28,670
3/9/2026,16:21:20:.161,0.161,459,796,1081,28,670
3/9/2026,16:21:20:.319,0.319,456,803,1090,28,670
3/9/2026,16:21:20:.433,0.433,478,804,1069,28,670
3/9/2026,16:21:20:.548,0.548,472,804,1084,28,670
3/9/2026,16:21:20:.666,0.666,472,805,1084,28,670
3/9/2026,16:21:20:.807,0.807,469,805,1062,28,670
3/9/2026,16:21:20:.935,0.935,463,803,1077,28,670
3/9/2026,16:21:21:.050,0.05,463,795,1077,28,670
3/9/2026,16:21:21:.167,0.167,465,795,1085,28,670
3/9/2026,16:21:21:.322,0.322,465,794,1085,28,670
3/9/2026,16:21:21:.437,0.437,464,802,1072,28,670
3/9/2026,16:21:21:.554,0.554,452,804,1095,28,670
3/9/2026,16:21:21:.670,0.67,452,804,1095,28,670
3/9/2026,16:21:21:.803,0.803,468,804,1085,28,670
3/9/2026,16:21:21:.959,0.959,455,807,1076,28,670
3/9/2026,16:21:22:.074,0.074,455,809,1076,28,670
3/9/2026,16:21:22:.238,0.238,474,809,1058,28,670
3/9/2026,16:21:22:.356,0.356,477,801,1096,28,670
3/9/2026,16:21:22:.487,0.487,477,801,1096,28,670
3/9/2026,16:21:22:.643,0.643,465,801,1067,28,670
3/9/2026,16:21:22:.803,0.803,457,803,1081,28,670
3/9/2026,16:21:22:.990,0.99,459,801,1091,28,670
3/9/2026,16:21:23:.155,0.155,459,801,1091,28,670
3/9/2026,16:21:23:.271,0.271,468,805,1100,28,670
3/9/2026,16:21:23:.383,0.383,475,805,1084,28,670
3/9/2026,16:21:23:.500,0.5,475,803,1084,28,670
3/9/2026,16:21:23:.659,0.659,460,803,1077,28,670
3/9/2026,16:21:23:.823,0.823,475,801,1075,28,670
3/9/2026,16:21:23:.938,0.938,458,811,1095,28,670
3/9/2026,16:21:24:.071,0.071,453,811,1089,28,670
3/9/2026,16:21:24:.188,0.188,454,822,1085,28,670
3/9/2026,16:21:24:.304,0.304,454,822,1085,28,670
3/9/2026,16:21:24:.425,0.425,470,822,1084,28,670
3/9/2026,16:21:24:.547,0.547,470,803,1084,28,670
3/9/2026,16:21:24:.661,0.661,479,803,1100,28,670
3/9/2026,16:21:24:.777,0.777,479,809,1100,28,670
3/9/2026,16:21:24:.905,0.905,479,799,1100,28,670
3/9/2026,16:21:25:.023,0.023,479,799,1100,28,670
3/9/2026,16:21:25:.140,0.14,480,803,1081,28,670
3/9/2026,16:21:25:.299,0.299,460,803,1077,28,670
3/9/2026,16:21:25:.413,0.413,450,801,1078,28,670
3/9/2026,16:21:25:.526,0.526,452,801,1068,28,670
3/9/2026,16:21:25:.689,0.689,452,803,1068,28,670
3/9/2026,16:21:25:.805,0.805,445,801,1079,28,670
3/9/2026,16:21:25:.919,0.919,471,801,1092,28,670
3/9/2026,16:21:26:.040,0.04,471,800,1092,28,670
3/9/2026,16:21:26:.266,0.266,472,800,1076,28,670
3/9/2026,16:21:26:.429,0.429,456,810,1060,28,670
3/9/2026,16:21:26:.557,0.557,462,810,1080,28,670
3/9/2026,16:21:26:.692,0.692,462,792,1080,28,670
3/9/2026,16:21:26:.811,0.811,468,799,1095,28,670
3/9/2026,16:21:26:.971,0.971,453,801,1080,28,670
3/9/2026,16:21:27:.156,0.156,445,792,1083,28,670
3/9/2026,16:21:27:.272,0.272,446,788,1083,28,670
3/9/2026,16:21:27:.454,0.454,446,788,1083,28,670
3/9/2026,16:21:27:.568,0.568,453,797,1067,28,670
3/9/2026,16:21:27:.682,0.682,453,797,1067,28,670
3/9/2026,16:21:27:.876,0.876,453,797,1067,28,670
3/9/2026,16:21:28:.036,0.036,449,796,1061,28,670
3/9/2026,16:21:28:.152,0.152,449,796,1059,28,670
3/9/2026,16:21:28:.318,0.318,449,803,1059,28,670
3/9/2026,16:21:28:.433,0.433,465,797,1082,28,670
3/9/2026,16:21:28:.549,0.549,451,792,1057,28,670
3/9/2026,16:21:28:.681,0.681,474,809,1093,28,670
3/9/2026,16:21:28:.803,0.803,469,804,1067,28,670
3/9/2026,16:21:28:.949,0.949,474,799,1068,28,670
3/9/2026,16:21:29:.062,0.062,450,804,1094,28,670
3/9/2026,16:21:29:.173,0.173,466,804,1084,28,670
3/9/2026,16:21:29:.310,0.31,466,797,1084,28,670
3/9/2026,16:21:29:.455,0.455,472,806,1093,28,670
3/9/2026,16:21:29:.574,0.574,449,806,1072,28,670
3/9/2026,16:21:29:.695,0.695,461,807,1088,28,670
3/9/2026,16:21:29:.811,0.811,452,807,1092,28,670
3/9/2026,16:21:29:.924,0.924,452,802,1092,28,670
3/9/2026,16:21:30:.100,0.1,461,802,1090,28,670
3/9/2026,16:21:30:.216,0.216,473,800,1087,28,670
3/9/2026,16:21:30:.332,0.332,473,800,1087,28,670
3/9/2026,16:21:30:.449,0.449,473,800,1087,28,670
3/9/2026,16:21:30:.563,0.563,473,806,1087,28,670
3/9/2026,16:21:30:.697,0.697,484,806,1090,28,670
3/9/2026,16:21:30:.884,0.884,457,801,1076,28,670
3/9/2026,16:21:31:.031,0.031,457,800,1076,28,670
3/9/2026,16:21:31:.154,0.154,452,806,1081,28,670
3/9/2026,16:21:31:.269,0.269,453,806,1099,28,670
3/9/2026,16:21:31:.428,0.428,453,800,1099,28,670
3/9/2026,16:21:31:.589,0.589,452,800,1064,28,670
3/9/2026,16:21:31:.706,0.706,468,804,1058,28,670
3/9/2026,16:21:31:.841,0.841,468,796,1058,28,670
3/9/2026,16:21:31:.955,0.955,475,803,1092,28,670
3/9/2026,16:21:32:.069,0.069,463,803,1082,28,670
3/9/2026,16:21:32:.192,0.192,463,799,1082,28,670
3/9/2026,16:21:32:.324,0.324,442,799,1060,28,670
3/9/2026,16:21:32:.486,0.486,462,804,1081,28,670
3/9/2026,16:21:32:.603,0.603,462,794,1081,28,670
3/9/2026,16:21:32:.761,0.761,447,794,1082,28,670
3/9/2026,16:21:32:.888,0.888,457,810,1071,28,670
3/9/2026,16:21:33:.041,0.041,453,795,1090,28,670
3/9/2026,16:21:33:.153,0.153,466,795,1082,28,670
3/9/2026,16:21:33:.338,0.338,461,799,1068,28,670
3/9/2026,16:21:33:.453,0.453,461,794,1068,28,670
3/9/2026,16:21:33:.609,0.609,455,794,1064,28,670
3/9/2026,16:21:33:.727,0.727,446,802,1080,28,670
3/9/2026,16:21:33:.899,0.899,446,800,1080,28,670
3/9/2026,16:21:34:.015,0.015,471,795,1093,28,670
3/9/2026,16:21:34:.149,0.149,447,791,1071,28,670
3/9/2026,16:21:34:.266,0.266,448,793,1056,28,670
3/9/2026,16:21:34:.432,0.432,450,786,1060,28,670
3/9/2026,16:21:34:.549,0.549,468,786,1086,28,670
3/9/2026,16:21:34:.665,0.665,468,802,1086,28,670
3/9/2026,16:21:34:.800,0.8,448,802,1085,28,670
3/9/2026,16:21:34:.917,0.917,468,797,1068,28,670
3/9/2026,16:21:35:.039,0.039,468,792,1068,28,670
3/9/2026,16:21:35:.152,0.152,456,803,1068,28,670
3/9/2026,16:21:35:.340,0.34,465,797,1097,28,670
3/9/2026,16:21:35:.515,0.515,445,805,1086,28,670
3/9/2026,16:21:35:.628,0.628,445,790,1086,28,670
3/9/2026,16:21:35:.831,0.831,445,518,1086,28,670
3/9/2026,16:21:35:.993,0.993,445,111,1086,28,669
